,Table name,Variable name,Label,Description,Data type,Length,Clinical relevance for PrEP
0,SA151,SA151_SATZART,Satzart,konstant 151,numerisch,3,
1,SA151,SA151_AUSGLEICHSJAHR,Ausgleichsjahr,"JJJJ Jahr, für das der Morbi-RSA berechnet wird",numerisch,4,
2,SA151,SA151_BERICHTSJAHR,Berichtsjahr,"JJJJ Jahr, in dem die Daten erhoben wurden",numerisch,4,
3,SA151,SA151_VSID,Einjähriges Pseudonym,Versicherten-ID zum Ausgleichjahr bzw. Berichtjahr (Pseudonym). Dient zur Verknüpfung zwischen Tabellen innerhalb eines Berichtsjahres.,numerisch,9,
4,SA151,SA151_PSID,Überjähriges Pseudonym,Überjährige Versicherten-ID (Pseudonym) zur Verknüpfung gleicher Personen zwischen Tabellen (ein- und überjährig).,VarBinary(32); alt: CHAR(19),32,
5,SA151,SA151_KV_NR_KENNZEICHEN,Krankenversicherungsnummer (KV),bundeseinheitliche KV Nummer lag vor= 1 | sonst = 0,numerisch,1,
6,SA151,SA151_GEBURTSJAHR,Geburtsjahr,Geburtsjahr des Versicherten JJJJ,numerisch,4,
7,SA151,SA151_GESCHLECHT,Geschlecht,,numerisch,1,
8,SA151,SA151_VERSICHERTENTAGE,Versichertentage,Versichertentage des Versicherten im Berichtsjahr gemäß § 30 Abs. 1 Nr. 1 RSAV,numerisch,3,
9,SA151,SA151_VERSTORBEN,Vitalstatus,Versicherter ist im Berichtsjahr verstorben 0 = sonst,numerisch,1,
10,SA151,SA151_VERSICHERTENTAGEKG,Versichertentage mit Krankengeld,Versichertentage mit allgemeinem Anspruch auf Krankengeld gemäß § 30 Abs. 1 Nr. 11 RSAV (s. Erläuterungen),numerisch,3,
12,SA152,SA152_SATZART,Satzart,konstant 152,numerisch,3,
13,SA152,SA152_AUSGLEICHSJAHR,Ausgleichsjahr,JJJJ,numerisch,4,
14,SA152,SA152_BERICHTSJAHR,Berichtsjahr,JJJJ,numerisch,4,
15,SA152,SA152_VSID,Einjähriges Pseudonym,Versicherten-ID zum Ausgleichjahr bzw. Berichtjahr (Pseudonym). Dient zur Verknüpfung zwischen Tabellen innerhalb eines Berichtsjahres.,numerisch,9,
16,SA152,SA152_PSID,Überjähriges Pseudonym,Überjährige Versicherten-ID (Pseudonym) zur Verknüpfung gleicher Personen zwischen Tabellen (ein- und überjährig).,VarBinary(32); alt: CHAR(19),32,
17,SA152,SA152_KV_NR_KENNZEICHEN,Krankenversicherungsnummer (KV),bundeseinheitliche KV-Nr lag vor = 1; sonst = 0,numerisch,1,
18,SA152,SA152_ERWERBSMINDERUNGS_VT,Erwerbsminderungsversichertentage,Erwerbsminderungsrente Versichertentage im Berichtsjahr,numerisch,3,
19,SA152,SA152_VERSICHERTENTAGEAUSLAND,Versichertentage Ausland,Versichertentage mit Wohnsitz oder gewöhnlichem Aufenthalt im Ausland gemäß§ 30 Abs. 1 Nr.8 RSAV,numerisch,3,
20,SA152,SA152_VERSICHERTENTAGE13II,Versichertentage mit Kostenerstattung,Versichertentage mit Kostenerstattung nach § 13 Abs. 2 SGB V im Bereich der vertragsärztlichen Versorgung gem. § 30 Abs. 1 Nr. 9 RSAV,numerisch,3,
21,SA152,SA152_VERSICHERTENTAGE53IV,Versichertentage mit Kostenerstattung,Versichertentage mit Kostenerstattung nach § 53 Abs. 4 SGB V,numerisch,3,
23,SA153,SA153_SATZART,Satzart,konstant 153,numerisch,3,
24,SA153,SA153_AUSGLEICHSJAHR,Ausgleichsjahr,JJJJ,numerisch,4,
25,SA153,SA153_BERICHTSJAHR,Berichtsjahr,JJJJ,numerisch,4,
26,SA153,SA153_VSID,Einjähriges Pseudonym,Versicherten-ID zum Ausgleichjahr bzw. Berichtjahr (Pseudonym). Dient zur Verknüpfung zwischen Tabellen innerhalb eines Berichtsjahres.,numerisch,9,
27,SA153,SA153_PSID,Überjähriges Pseudonym,Überjährige Versicherten-ID (Pseudonym) zur Verknüpfung gleicher Personen zwischen Tabellen (ein- und überjährig).,VarBinary(32); alt: CHAR(19),32,
28,SA153,SA153_KV_NR_KENNZEICHEN,Krankenversicherungsnummer (KV),bundeseinheitliche KV-Nr. lag vor = 1;sonst = 0,numerisch,1,
29,SA153,SA153_EXTRABLUTREINIGUNG,Extrakorporale Blutreinigung,1 = mindestens eine extrakorporale Blutreinigung erbracht 0 = sonst,numerisch,1,
31,SA451,SA451_SATZART,Satzart,konstant 451,numerisch,3,
32,SA451,SA451_AUSGLEICHSJAHR,Ausgleichsjahr,JJJJ,numerisch,4,
33,SA451,SA451_BERICHTSJAHR,Berichtsjahr,JJJJ,numerisch,4,
34,SA451,SA451_VSID,Einjähriges Pseudonym,Versicherten-ID zum Ausgleichjahr bzw. Berichtjahr (Pseudonym). Dient zur Verknüpfung zwischen Tabellen innerhalb eines Berichtsjahres.,numerisch,9,
35,SA451,SA451_PSID,Überjähriges Pseudonym,Überjährige Versicherten-ID (Pseudonym) zur Verknüpfung gleicher Personen zwischen Tabellen (ein- und überjährig).,VarBinary(32); alt: CHAR(19),32,
36,SA451,SA451_VERORDNUNGSDATUM,Verordnungsdatum,JJJJMMTT,numerisch,8,
37,SA451,SA451_PHARMAZENTRALNUMMER,Pharmazentralnummer,Kennzeichen nach §300 Abs. 3 SGB V,numerisch,8,
38,SA451,SA451_ANZAHLEINHEITENFAKTOR,Anzahleinheitenfaktor,Angabe in Promille,numerisch,9,
40,SA551,SA551_SATZART,Satzart,konstant 551,numerisch,3,
41,SA551,SA551_AUSGLEICHSJAHR,Ausgleichsjahr,JJJJ,numerisch,4,
42,SA551,SA551_BERICHTSJAHR,Berichtsjahr,JJJJ,numerisch,4,
43,SA551,SA551_VSID,Einjähriges Pseudonym,Versicherten-ID zum Ausgleichjahr bzw. Berichtjahr (Pseudonym). Dient zur Verknüpfung zwischen Tabellen innerhalb eines Berichtsjahres.,numerisch,9,
44,SA551,SA551_PSID,Überjähriges Pseudonym,Überjährige Versicherten-ID (Pseudonym) zur Verknüpfung gleicher Personen zwischen Tabellen (ein- und überjährig).,VarBinary(32); alt: CHAR(19),32,
45,SA551,SA551_ENTLASSUNGSMONAT,Entlassungsmonat,JJJJMM,numerisch,6,
46,SA551,SA551_FALLZAEHLER,Fallzähler,,numerisch,2,
47,SA551,SA551_ICD_CODE,stationäre Diagnose,ICD 10 GM Code ohne Punktnotation und Sonderzeichen,Varchar2,7,
48,SA551,SA551_ICD_ZUSATZ,stationäre Diagnose Sonderzeichen,ICD Sonderzeichen,Char,1,
49,SA551,SA551_LOKALISATION,Lokalisation,1 = beidseitig | 0 = sonst,numerisch,1,
50,SA551,SA551_ARTDIAGNOSE,Art der Diagnose,1 = Hauptdiagnose |2 = Nebendiagnose,numerisch,1,
51,SA551,SA551_ARTBEHANDLUNG,Art der Behandlung,1 = vollstationär | 2 = teilstationär | 3 = ambulante OP im KH | 0 = sonst (vor-und nachstationär),numerisch,1,
53,SA651,SA651_SATZART,Satzart,konstant 651,numerisch,3,
54,SA651,SA651_AUSGLEICHSJAHR,Ausgleichsjahr,JJJJ,numerisch,4,
55,SA651,SA651_BERICHTSJAHR,Berichtsjahr,JJJJ,numerisch,4,
56,SA651,SA651_VSID,Einjähriges Pseudonym,Versicherten-ID zum Ausgleichjahr bzw. Berichtjahr (Pseudonym). Dient zur Verknüpfung zwischen Tabellen innerhalb eines Berichtsjahres.,numerisch,4,
57,SA651,SA651_PSID,Überjähriges Pseudonym,Überjährige Versicherten-ID (Pseudonym) zur Verknüpfung gleicher Personen zwischen Tabellen (ein- und überjährig).,VarBinary(32); alt: CHAR(19),32,
58,SA651,SA651_LEISTUNGSQUARTAL,Leistungsquartal,Quartal 1 bis 4,numerisch,1,
59,SA651,SA651_ICD_CODE,ambulante Diagnose,ICD 10 GM Code ohne Punktnotation und Sonderzeichen,Varchar2,7,
60,SA651,SA651_ICD_ZUSATZ,ambulante Diagnose Sonderzeichen,ICD Sonderzeichen,Char,1,
61,SA651,SA651_QUALIFIZIERUNG,Qualifizierung,V = Verdachtsdiagnose | Z = Zustand nach betreffender Diagnose | A = ausgeschlossene Diagnose | G = gesicherte Diagnose | 0 = sonst,Char,1,
62,SA651,SA651_LOKALISATION,Lokalisation,1 = beidseitige | 0 = sonst,numerisch,1,
63,SA651,SA651_ABRECHNUNGSWEG,Abrechnungsweg,Diagnose gemäß § 295 Abs.1 SGB 5: 1 = Diagnose gem. § 295 SGB V | 2 = Diagnose aus ambulanter Behandlung im Krankenhaus | 3 = sonstiges,numerisch,1,
65,SA751,SA751_SATZART,Satzart,konstant 751,numerisch,3,
66,SA751,SA751_AUSGLEICHSJAHR,Ausgleichsjahr,JJJJ,numerisch,4,
67,SA751,SA751_BERICHTSJAHR,Berichtsjahr,JJJJ,numerisch,4,
68,SA751,SA751_VSID,Einjähriges Pseudonym,Versicherten-ID zum Ausgleichjahr bzw. Berichtjahr (Pseudonym). Dient zur Verknüpfung zwischen Tabellen innerhalb eines Berichtsjahres.,numerisch,9,
69,SA751,SA751_PSID,Überjähriges Pseudonym,Überjährige Versicherten-ID (Pseudonym) zur Verknüpfung gleicher Personen zwischen Tabellen (ein- und überjährig).,VarBinary(32); alt: CHAR(19),32,
70,SA751,SA751_AERZTE,Jährliche Leistungsausgaben Ärzte,Ausgaben auf Eurobeträge gerundet,numerisch,14,
71,SA751,SA751_ZAHNAERZTE,Jährliche Leistungsausgaben Zahnärzte,Ausgaben auf Eurobeträge gerundet,numerisch,14,
72,SA751,SA751_APOTHEKEN,Jährliche Leistungsausgaben Apotheken,Ausgaben auf Eurobeträge gerundet,numerisch,14,
73,SA751,SA751_KRANKENHAEUSER,Jährliche Leistungsausgaben Krankhäuser,Ausgaben auf Eurobeträge gerundet,numerisch,14,
74,SA751,SA751_SONSTIGELA,Sonstige jährliche Leistungsausgaben (LINK),Ausgaben auf Eurobeträge gerundet,numerisch,14,
75,SA751,SA751_SACHKOSTENDIALYSE,Jährliche Kosten Sachkostendialyse,Ausgaben auf Eurobeträge gerundet,numerisch,14,
76,SA751,SA751_KRANKENGELD,Jährliches Krankengeld,Ausgaben auf Eurobeträge gerundet,numerisch,14,
78,SA951,SA951_AUSGLEICHSJAHR,Ausgleichsjahr,JJJJ,numerisch,4,
79,SA951,SA951_VSID,Einjähriges Pseudonym,Versicherten-ID zum Ausgleichjahr bzw. Berichtjahr (Pseudonym). Dient zur Verknüpfung zwischen Tabellen innerhalb eines Berichtsjahres.,numerisch,9,
80,SA951,SA951_PSID,Überjähriges Pseudonym,Überjährige Versicherten-ID (Pseudonym) zur Verknüpfung gleicher Personen zwischen Tabellen (ein- und überjährig).,VarBinary(32); alt: CHAR(19),32,
81,SA951,SA951_BETRIEBSNUMMER,Betriebsnummer,Betriebsnummer der Krankenkasse,numerisch,8,
83,SA999,SA999_SATZART,Satzart,konstant 999,numerisch,3,
84,SA999,SA999_AUSGLEICHSJAHR,Ausgleichsjahr,JJJJ,numerisch,4,
85,SA999,SA999_BERICHTSJAHR,Berichtsjahr,JJJJ,numerisch,4,
86,SA999,SA999_GS,Amtlicher Gemeindeschlüssel,,numerisch,5,
87,SA999,SA999_PSID,Überjähriges Pseudonym,Überjährige Versicherten-ID (Pseudonym) zur Verknüpfung gleicher Personen zwischen Tabellen (ein- und überjährig).,VarBinary(32); alt: CHAR(19),32,
88,SA999,SA999_GS_LAND,"Amtlicher Gemeindeschlüssel, Bundesland","Amtlicher Gemeindeschlüssel, Bundesland",numerisch,2,
89,SA999,SA999_GS_RB,"Amtlicher Gemeindeschlüssel, Regierungsbezirk","Amtlicher Gemeindeschlüssel, Regierungsbezirk",numerisch,1,
90,SA999,SA999_GS_KREIS,"Amtlicher Gemeindeschlüssel, Kreis","Amtlicher Gemeindeschlüssel, Kreis",numerisch,2,
92,SA131,SA131_SATZART,Satzart,konstant 131,numerisch,3,
93,SA131,SA131_SCHLUESSELJAHR,Schlüsseljahr,Besonderheit:SA131_SCHLUESSELJAHR=-2 Hintergrund:Zeitliche Abläufe im Verfahren zur Bereitstellung der MorbiRSA Daten.,numerisch,4,
94,SA131,SA131_BERICHTSJAHR,Berichtsjahr,Wert SA131_BERICHTSJAHR= AUSGLEICHSJAHR_,numerisch,4,
95,SA131,SA131_PSID,Überjähriges Pseudonym,Überjährige Versicherten-ID (Pseudonym),VarBinary(32); alt: CHAR(19),32,
96,SA131,SA131_VSID,Einjähriges Pseudonym,Versicherten-ID zum Ausgleichsjahr bzw. Berichtjahr (Pseudonym),,,
97,SA131,SA131_PLZ,Postleitzahl,Postleitzahl,numerisch,5,
99,VERS,BJAHR,Berichtsjahr,"Berichtsjahr, zu dem die Lieferung gehört, im Format JJJJ",numerisch,4,
100,VERS,VSID,Einjähriges Pseudonym / Arbeitsnummer des Versicherten,Versicherten-ID zum Berichtjahr (Pseudonym). Dient zur Verknüpfung zwischen Tabellen innerhalb eines Berichtsjahres. Gemäß § 4 Abs. 4 von der Datensammelstelle zum periodenbezogenen Lieferpseudonym erzeugt.,numerisch,9,
101,VERS,PSID,Periodenübergreifendes Pseudonym,Überjährige Versicherten-ID (Pseudonym). Dient zur Verknüpfung zwischen Tabellen (ein- und überjährig).,VarBinary,32,
102,VERS,BNR,Betriebsnummer,Betriebsnummer der Krankenkasse des Versicherten,alphanum.,8,
103,VERS,GEBJAHR,Geburtsjahr,Geburtsjahr des Versicherten. Format JJJJ,numerisch,4,
104,VERS,PLZ,Postleitzahl,Postleitzahl des Wohnortes des Versicherten zum Zeitpunkt des Datenabzugs. Den Zeitpunkt des Datenabzugs bestimmt dabei jede Krankenkasse selbst.,alphanum.,5,
105,VERS,VITALSTATUS,Vitalstatus,Vitalstatus des Versicherten.,numerisch,1,
106,VERS,STERBEDAT,Datum des Sterbetages,"Falls VITALSTATUS = 1, Datum des Sterbetages im Format JJJJMMTT",numerisch,8,
107,VERS,DATENMODELL,,Die Daten sind in Abhängigkeit der Berichtsjahre auf unterschiedliche Datenmodelle aufgeteilt. Nicht alle Daten sind in allen Datenmodellen und für alle Berichtsjahre verfügbar oder haben je nach Datenmodell unterschiedliche Spaltennamen.,numerisch,1,
108,VERSQ,BJAHR,Berichtsjahr,"Berichtsjahr, zu dem die Lieferung gehört, im Format JJJJ",numerisch,4,
109,VERSQ,VSID,Einjähriges Pseudonym / Arbeitsnummer des Versicherten,Versicherten-ID zum Berichtjahr (Pseudonym). Dient zur Verknüpfung zwischen Tabellen innerhalb eines Berichtsjahres. Gemäß § 4 Abs. 4 von der Datensammelstelle zum periodenbezogenen Lieferpseudonym erzeugt.,numerisch,9,
110,VERSQ,PSID,Periodenübergreifendes Pseudonym,Überjährige Versicherten-ID (Pseudonym). Dient zur Verknüpfung zwischen Tabellen (ein- und überjährig).,VarBinary,32,
111,VERSQ,BNR,Betriebsnummer,Betriebsnummer der Krankenkasse des Versicherten,alphanum.,8,
112,VERSQ,VERSQ,Versichertenquartal des Berichtsjahres,Format JJJJQ,numerisch,5,
113,VERSQ,GESCHLECHT,Geschlecht,Geschlecht der versicherten Person. Bei Veränderungen innerhalb des Quartals die jüngste Angabe,numerisch,1,
114,VERSQ,VERSTAGE,Anzahl Versichertentage,Anzahl der Versichertentage im Quartal,numerisch,1..2,
115,VERSQ,VERSTAGEAUSL,Anzahl Versichertentage mit Wohnsitz im Ausland,Anzahl Versichertentage im Quartal mit Wohnsitz im Ausland,numerisch,1..2,
116,VERSQ,VERSSTATUS,Versichertenstatus gemäß KM 1,"Versichertenstatus gemäß KM 1 des Berichtsquartals, bei Änderungen der jeweils letzte Status des Berichtsquartals. Die Davonschlüsselnummern der KM 1 sind hierbei nicht zu berücksichtigen. Kann technisch kein KM 1-Versichertenstatus für das Quartal ermittelt werden, ist die 99999 zu melden.",numerisch,5,
117,VERSQ,VERSTAGEKG,Anzahl Versichertentage mit Krankengeldbezug,Anzahl Versichertentage im Quartal mit Krankengeldbezug gemäß §§ 44 und 45 SGB V,numerisch,1..2,
118,VERSQ,VERSTAGEKOSTERSTWAHLT,Anzahl Versichertentage mit Kostenerstattung oder Wahltarif,Anzahl Versichertentage im Quartal mit Wahl der Kostenerstattung gemäß § 13 Abs. 2 SGB V oder Mitgliedschaft im einem Wahltarif gemäß § 53 Abs. 4 SGB V,numerisch,1..2,
119,VERSQ,DATENMODELL,,Die Daten sind in Abhängigkeit der Berichtsjahre auf unterschiedliche Datenmodelle aufgeteilt. Nicht alle Daten sind in allen Datenmodellen und für alle Berichtsjahre verfügbar oder haben je nach Datenmodell unterschiedliche Spaltennamen.,numerisch,1,
120,VERSQDMP,BJAHR,Berichtsjahr,"Berichtsjahr, zu dem die Lieferung gehört, im Format JJJJ",numerisch,4,
121,VERSQDMP,VSID,Einjähriges Pseudonym / Arbeitsnummer des Versicherten,Versicherten-ID zum Berichtjahr (Pseudonym). Dient zur Verknüpfung zwischen Tabellen innerhalb eines Berichtsjahres. Gemäß § 4 Abs. 4 von der Datensammelstelle zum periodenbezogenen Lieferpseudonym erzeugt.,numerisch,9,
122,VERSQDMP,PSID,Periodenübergreifendes Pseudonym,Überjährige Versicherten-ID (Pseudonym). Dient zur Verknüpfung zwischen Tabellen (ein- und überjährig).,VarBinary,32,
123,VERSQDMP,VERSQ,Versichertenquartal des Berichtsjahres,Format JJJJQ,numerisch,5,
124,VERSQDMP,DMPPROG,Programmkennziffer des Disease-Management-Programms,"Programmkennziffer des Disease-Management-Programms, sofern versicherte Person im Quartal daran teilgenommen hat.",alphanum.,2,
125,VERSQDMP,DMPTAGE,Anzahl DMP-Tage,Anzahl der Versichertentage im Quartal mit Teilnahme am strukturierten Behandlungsprogramm gemäß § 137f Abs. 1 SGB V,numerisch,1..2,
126,VERSQDMP,DATENMODELL,,Die Daten sind in Abhängigkeit der Berichtsjahre auf unterschiedliche Datenmodelle aufgeteilt. Nicht alle Daten sind in allen Datenmodellen und für alle Berichtsjahre verfügbar oder haben je nach Datenmodell unterschiedliche Spaltennamen.,numerisch,1,
127,AMBFALL,BJAHR,Berichtsjahr,"Berichtsjahr, zu dem die Lieferung gehört, im Format JJJJ",numerisch,4,
128,AMBFALL,VSID,Einjähriges Pseudonym / Arbeitsnummer des Versicherten,Versicherten-ID zum Berichtjahr (Pseudonym). Dient zur Verknüpfung zwischen Tabellen innerhalb eines Berichtsjahres. Gemäß § 4 Abs. 4 von der Datensammelstelle zum periodenbezogenen Lieferpseudonym erzeugt.,numerisch,9,
129,AMBFALL,PSID,Periodenübergreifendes Pseudonym,Überjährige Versicherten-ID (Pseudonym). Dient zur Verknüpfung zwischen Tabellen (ein- und überjährig).,VarBinary,32,
130,AMBFALL,ABRQ,Abrechnungsquartal,Format JJJJQ,numerisch,5,
131,AMBFALL,FALLIDAMB,Fall-ID des ambulanten Arztfalls,"Technische Fall-ID zur Verknüpfung mit Satzarten AMBDIAG, AMBLEIST und AMBOPS",numerisch,1..11,
132,AMBFALL,SVNR,Vertragsnummer des Selektivvertrags,"Vertragsnummer für Verträge im Rahmen der hausarztzentrierten Versorgung und der integrierten Versorgung. Nur bei selektivvertraglichen Fällen: Vertragsnummer nach § 293a Absatz 1 Satz 4 SGB V. 
 Die Vertragsnummer ist ein elfstelliges, alphanumerisches Kennzeichen mit folgendem Aufbau: 
 01. Stelle: Versionskennzeichen 
 02. + 03. Stelle: Rechtsgrundlage 
 04. + 05. Stelle: Regionalkennzeichen 
 06. - 11. Stelle: Fortlaufende Nummer 
 Bei dem Selektivvertrag handelt es sich um einen Direktvertrag zwischen Krankenkassen und einzelnen Leistungserbringern (z. B. Ärzte, Krankenhäusern) oder einer Gemeinschaft von Leistungserbringern. Siehe auch https://www.bundesgesundheitsministerium.de/service/begriffe-von-a-z/s/selektivvertrag.html",alphanum.,..25,
133,AMBFALL,SVTYP,Vertragstyp,,numerisch,1,
134,AMBFALL,BSNRPSEUDO,Pseudonym der Betriebsstätte des behandelnden Arztes,Pseudonym der Betriebsstätte des behandelnden Arztes.,numerisch,12,
135,AMBFALL,BSNRKV,Regionalkennzeichen der Betriebsstätte des behandelnden Arztes,"KV-Landes- oder Bezirksstellenschlüssel; regionale Zuordnung in Form des Landes- oder Bezirksstellenschlüssels der Kassenärztlichen Vereinigung. 
 Gemäß Anlage 1 der Richtlinie der Kassenärztlichen Bundesvereinigung nach § 75 Absatz 7 SGB V zur Vergabe der Arzt-, Betriebsstätten- sowie der Praxisnetznummern (siehe weiterführende Links).",numerisch,2,
136,AMBFALL,BSNRUEBPSEUDO,Pseudonym der Betriebsstätte des überweisenden Arztes,"Pseudonym der Betriebsstätte des überweisenden Arztes. 
 Die Regionalinformation ist in diesem Pseudonym nicht mehr enthalten, aber dafür wurde eine neue Variable BSNRUEBKV erzeugt, die diese Information enthält.",numerisch,12,
137,AMBFALL,BSNRUEBKV,Regionalkennzeichen der Betriebsstätte des überweisenden Arztes,"KV-Landes- oder Bezirksstellenschlüssel; regionale Zuordnung in Form des Landes- oder Bezirksstellenschlüssels der Kassenärztlichen Vereinigung. 
 Gemäß Anlage 1 der Richtlinie der Kassenärztlichen Bundesvereinigung nach § 75 Absatz 7 SGB V zur Vergabe der Arzt-, Betriebsstätten- sowie der Praxisnetznummern (siehe weiterführende Links).",numerisch,2,
138,AMBFALL,LANRUEBPSEUDO,Pseudonym des überweisenden Arztes,"(periodenübergreifendes) Pseudonym des überweisenden Arztes. 
 Die Regionalinformation ist in diesem Pseudonym nicht mehr enthalten, aber dafür wurde eine neue Variable LANRUEBFG erzeugt, die diese Information enthält.",numerisch,12,
139,AMBFALL,LANRUEBFG,Fachgruppe des überweisenden Arztes,Fachgruppenschlüssel; Facharztbezeichnung gemäß Schlüsselverzeichnis.,numerisch,2,
140,AMBFALL,INANSPRARTAMB,Art der Inanspruchnahme,,alphanum.,1,
141,AMBFALL,UNFALL,Unfallkennzeichen/BVG,,numerisch,1,
142,AMBFALL,BEHANDARTAMB,Behandlungsart,,numerisch,1,
143,AMBFALL,ENTBINDUNGSDAT,Entbindungsdatum,Format JJJJMMTT,numerisch,8,
144,AMBFALL,PUNKTZAHL,Punktzahl,"Die einzelnen ärztlichen Leistungen, etwa Untersuchungen und Behandlungen, sind im Gebührenverzeichnis mit Ziffern angegeben und mit Punkten bewertet.",numerisch,"..12(,1)",
145,AMBFALL,FALLKOAMB,Kosten,In Euro,numerisch,"..12(,2)",
146,AMBFALL,DIALYSESACHKO,Dialysesachkosten,In Euro,numerisch,"..12(,2)",
147,AMBFALL,BEGINNDATAMB,Datum des ersten Behandlungstages,Format JJJJMMTT,numerisch,8,
148,AMBFALL,ENDEDATAMB,Datum des letzten Behandlungstages,Format JJJJMMTT,numerisch,8,
149,AMBFALL,DATENMODELL,,Die Daten sind in Abhängigkeit der Berichtsjahre auf unterschiedliche Datenmodelle aufgeteilt. Nicht alle Daten sind in allen Datenmodellen und für alle Berichtsjahre verfügbar oder haben je nach Datenmodell unterschiedliche Spaltennamen.,numerisch,1,
150,AMBDIAG,BJAHR,Berichtsjahr,"Berichtsjahr, zu dem die Lieferung gehört, im Format JJJJ",numerisch,4,
151,AMBDIAG,VSID,Einjähriges Pseudonym / Arbeitsnummer des Versicherten,Versicherten-ID zum Berichtjahr (Pseudonym). Dient zur Verknüpfung zwischen Tabellen innerhalb eines Berichtsjahres. Gemäß § 4 Abs. 4 von der Datensammelstelle zum periodenbezogenen Lieferpseudonym erzeugt.,numerisch,9,
152,AMBDIAG,PSID,Periodenübergreifendes Pseudonym,Überjährige Versicherten-ID (Pseudonym). Dient zur Verknüpfung zwischen Tabellen (ein- und überjährig).,VarBinary,32,
153,AMBDIAG,FALLIDAMB,Fall-ID des ambulanten Arztfalls,Technische Fall-ID zur Verknüpfung mit Satzart AMBFALL,numerisch,1..11,
154,AMBDIAG,ICDAMB_CODE,ICD 10 GM Code ohne Punktnotation und Sonderzeichen,"ICD 10 GM Code ohne Punktnotation und Sonderzeichen. 
 Im Feld ICDAMB_CODE finden sich die Diagnosen rein alphanumerisch ohne Punkt und ohne Sonderzeichen. Die ICD-Sonderzeichen zum Feld ICDAMB_CODE finden sich im Feld ICDAMB_ZUSATZ. Weitere Hinweise zur Diagnosecodierung sind in den Deutschen Kodierrichtlinien (DKR) aufgeführt.",alphanum.,3-12,
155,AMBDIAG,ICDAMB_ZUSATZ,ICD Sonderzeichen,ICD Sonderzeichen,alphanum.,1..,
156,AMBDIAG,DIAGSICH,Angaben zur Diagnosesicherheit,,alphanum.,1,
157,AMBDIAG,DIAGLOKAL,Angaben zur Diagnoselokalisation,,alphanum.,1,
158,AMBDIAG,DIAGDAT,Diagnosedatum,falls vorhanden; Format JJJJMMDD,numerisch,8,
159,AMBDIAG,DATENMODELL,,Die Daten sind in Abhängigkeit der Berichtsjahre auf unterschiedliche Datenmodelle aufgeteilt. Nicht alle Daten sind in allen Datenmodellen und für alle Berichtsjahre verfügbar oder haben je nach Datenmodell unterschiedliche Spaltennamen.,numerisch,1,
160,AMBLEIST,BJAHR,Berichtsjahr,"Berichtsjahr, zu dem die Lieferung gehört, im Format JJJJ",numerisch,4,
161,AMBLEIST,VSID,Einjähriges Pseudonym / Arbeitsnummer des Versicherten,Versicherten-ID zum Berichtjahr (Pseudonym). Dient zur Verknüpfung zwischen Tabellen innerhalb eines Berichtsjahres. Gemäß § 4 Abs. 4 von der Datensammelstelle zum periodenbezogenen Lieferpseudonym erzeugt.,numerisch,9,
162,AMBLEIST,PSID,Periodenübergreifendes Pseudonym,Überjährige Versicherten-ID (Pseudonym). Dient zur Verknüpfung zwischen Tabellen (ein- und überjährig).,VarBinary,32,
163,AMBLEIST,FALLIDAMB,Fall-ID des ambulanten Arztfalls,Technische Fall-ID zur Verknüpfung mit Satzart AMBFALL,numerisch,1..11,
164,AMBLEIST,NBSNRPSEUDO,Pseudonym der Nebenbetriebsstätte des behandelnden Arztes,Pseudonym der Nebenbetriebsstätte des behandelnden Arztes,numerisch,12,
165,AMBLEIST,NBSNRKV,Regionalkennzeichen der Nebenbetriebsstätte des behandelnden Arztes,KV-Landes- oder Bezirksstellenschlüssel; regionale Zuordnung in Form des Landes- oder Bezirksstellenschlüssels der Kassenärztlichen Vereinigung,numerisch,2,
166,AMBLEIST,LANRPSEUDO,Pseudonym des behandelnden Arztes,Pseudonym des behandelnden Arztes,numerisch,12,
167,AMBLEIST,LANRFG,Fachgruppe des behandelnden Arztes,Fachgruppenschlüssel; Facharztbezeichnung,numerisch,2,
168,AMBLEIST,GONR,Gebührenordnungsnummer,,alphanum.,1..25,
169,AMBLEIST,GONRDAT,Datum der Gebührenordnungsnummer,Format JJJJMMTT,numerisch,8,
170,AMBLEIST,MULTIPLIKATOR,Anzahl der erbrachten Leistungen je Gebührenordnungsnummer,Dieser Wert gibt die Anzahl der erbrachten Leistungen je Gebührenordnungsnummer wieder.,numerisch,..6,
171,AMBLEIST,AMBLEISTZEIT,Uhrzeit,Format SSMM,alphanum.,4,
172,AMBLEIST,TSVGART,TSVG-Vermittlungs-/Kontakt-Art,,numerisch,1,
173,AMBLEIST,TSVGDAT,TSVG-Datumsangabe,"Nach Feld TSVG-Vermittlungs-/Kontakt-Art wie folgt:
 Falls Feld 10 = 1 oder 2, Datum der Kontaktaufnahme bei der TSS (s. Hinweis 13)
 Falls Feld 10 = 4, Datum des ersten Besuchs einer offenen Sprechstunde in der TSVG-Konstellation im dritten Quartal 2020 (nur im dritten Quartal 2020 anzugeben)
 Format JJJJMMTT",numerisch,8,
174,AMBLEIST,TSVGARZT,TSVG-Arztgruppe,EBM-Kapitel/-Unterabschnitt des für diese Arztgruppe spezifischen EBM-Teils,alphanum.,..6,
175,AMBLEIST,TSVGBSNRPSEUDO,(N)BSNR des Facharztes bei TSVG-Hausarztvermittlung,,numerisch,12,
176,AMBLEIST,TSVGBSNRKV,Regionalkennzeichen der (Neben-)Betriebsstätte des Facharztes bei TSVG-Hausarztvermittlung,KV-Landes- oder Bezirksstellenschlüssel; regionale Zuordnung in Form des Landes- oder Bezirksstellenschlüssels der Kassenärztlichen Vereinigung,numerisch,2,
177,AMBLEIST,ZWEITMEIN,Zweitmeinungskennung,,numerisch,2,
178,AMBLEIST,GONRBEWERT,Bewertung der Gebührenordnungsnummer,Nur für selektivvertragliche Leistungen; in Euro und zum Abzugszeitpunkt bestmöglich ermittelt.,alphanum.,2,
179,AMBLEIST,DATENMODELL,,Die Daten sind in Abhängigkeit der Berichtsjahre auf unterschiedliche Datenmodelle aufgeteilt. Nicht alle Daten sind in allen Datenmodellen und für alle Berichtsjahre verfügbar oder haben je nach Datenmodell unterschiedliche Spaltennamen.,numerisch,1,
180,AMBOPS,BJAHR,Berichtsjahr,"Berichtsjahr, zu dem die Lieferung gehört, im Format JJJJ",numerisch,4,
181,AMBOPS,VSID,Einjähriges Pseudonym / Arbeitsnummer des Versicherten,Versicherten-ID zum Berichtjahr (Pseudonym). Dient zur Verknüpfung zwischen Tabellen innerhalb eines Berichtsjahres. Gemäß § 4 Abs. 4 von der Datensammelstelle zum periodenbezogenen Lieferpseudonym erzeugt.,numerisch,9,
182,AMBOPS,PSID,Periodenübergreifendes Pseudonym,Überjährige Versicherten-ID (Pseudonym). Dient zur Verknüpfung zwischen Tabellen (ein- und überjährig).,VarBinary,32,
183,AMBOPS,FALLIDAMB,Fall-ID des ambulanten Arztfalls,Technische Fall-ID zur Verknüpfung mit Satzart AMBFALL,numerisch,1..11,
184,AMBOPS,OPS,OPS-Kode,"OPS-Kode wie in der Abrechnung enthalten, inkl. aller Sonderzeichen",alphanum.,..12,
185,AMBOPS,OPSLOKAL,Lokalisation,,alphanum.,1,
186,AMBOPS,OPSDAT,Eingriffsdatum,Falls vorhanden; Format JJJJMMDD,numerisch,8,
187,AMBOPS,DATENMODELL,,Die Daten sind in Abhängigkeit der Berichtsjahre auf unterschiedliche Datenmodelle aufgeteilt. Nicht alle Daten sind in allen Datenmodellen und für alle Berichtsjahre verfügbar oder haben je nach Datenmodell unterschiedliche Spaltennamen.,numerisch,1,
188,ZAHNFALL,BJAHR,Berichtsjahr,"Berichtsjahr, zu dem die Lieferung gehört, im Format JJJJ",numerisch,4,
189,ZAHNFALL,VSID,Einjähriges Pseudonym / Arbeitsnummer des Versicherten,Versicherten-ID zum Berichtjahr (Pseudonym). Dient zur Verknüpfung zwischen Tabellen innerhalb eines Berichtsjahres. Gemäß § 4 Abs. 4 von der Datensammelstelle zum periodenbezogenen Lieferpseudonym erzeugt.,numerisch,9,
190,ZAHNFALL,PSID,Periodenübergreifendes Pseudonym,Überjährige Versicherten-ID (Pseudonym). Dient zur Verknüpfung zwischen Tabellen (ein- und überjährig).,VarBinary,32,
191,ZAHNFALL,LEISTQ,Leistungsquartal,"Falls BEHANDARTZAHN = KC (Konservierend chirurgische Leistungen) oder = KF (Kieferorthopädische Leistungen), Format JJJJQ",numerisch,5,
192,ZAHNFALL,FALLIDZAHN,Fall-ID des ambulanten Zahnarztfalls,Technische Fall-ID zur Verknüpfung mit Satzarten ZAHNLEISTund ZAHNBEF,numerisch,1..11,
193,ZAHNFALL,ZANRPSEUDO,Pseudonym (überjährig) der Zahnarztnummer,Pseudonym der lebenslangen zentrale Zahnarztnummer. (Platzhalter: Für Abrechnungen ab Abrechnungsquartal 2/2022 und Abrechnungsmonat April 2022.),numerisch,12,
194,ZAHNFALL,ZANRABRPSEUDO,Pseudonym des Zahnarztes in der abrechnenden Zahnartpraxis,"Pseudonym der ""Zahnarztnummer"" für Abrechnungen bis 30.06.2021, Pseudonym der ""Abrechnungsnummer"" für Abrechnungen ab 01.07.2021",numerisch,12,
195,ZAHNFALL,ZAKZV,KZV-Bereich des Zahnarztes,"KZV-Bereich des Zahnarztes. 
 Entspricht für Abrechnungen ab Abrechnungsquartal 03/2021 und Abrechnungsmonat Juli 2021 der zweiten und dritten Stelle der Abrechnungsnummer.",numerisch,2,
196,ZAHNFALL,BEHANDARTZAHN,Behandlungsart,,alphanum.,2,
197,ZAHNFALL,BEGINNDATZAHN,Datum Beginn der Behandlung,"Format JJJJMMTT. Nicht für KF-Fälle (Kieferorthopädie) zu übermitteln. Für PA- (Paradonthose), KB- (Kieferbruch) und ZE-Fälle (Zahnersatz-Leistungen) nicht quartalsbezogen, sondern Beginndatum des gesamten Behandlungsfalls. Falls  BEHANDARTZAHN = PA oder = ZE: Datum der Planausstellung.",numerisch,8,
198,ZAHNFALL,ENDEDATZAHN,Datum Ende der Behandlung,"Format JJJJMMTT. 
  
  Nicht für KF-Fälle (Kieferorthopädie) zu übermitteln. Für PA- (Paradonthose), KB- (Kieferbruch) und ZE-Fälle (Zahnersatz) nicht quartalsbezogen, sondern Enddatum des gesamten Behandlungsfalls. Falls BEHANDARTZAHN = PA oder = ZE: Datum des Behandlungsendes oder Eingliederungsdatums.",numerisch,8,
199,ZAHNFALL,FALLKOZAHN,Geldbetrag,"Summe der abgerechneten Vergütung aus dem Honorar inkl. in Euro bewerteten Leistungen inkl. zwei Nachkommastellen. 
  
  Für KF-Fälle (Kieferorthopädie) sind etwaige Laborkosten enthalten, sonst ohne etwaige Laborkosten. Für KF-Fälle ist außerdem der Gesamtbetrag Begleitleistungen enthalten.",numerisch,"1..12(,2)",
200,ZAHNFALL,EIGENLABOR,Geldbetrag Eigenlabor,"Falls BEHANDARTZAHN = KB (Kieferbruch) oder KF (Kieferorthopädie), Gesamtkosten Eigenlabor in Euro",numerisch,"..12(,2)",
201,ZAHNFALL,FREMDLABOR,Geldbetrag Fremdlabor,"Falls BEHANDARTZAHN = KB (Kieferbruch) oder KF (Kieferorthopädie), Gesamtkosten Eigenlabor in Euro",numerisch,"..12(,2)",
202,ZAHNFALL,INANSPRARTZAHN,Art der Inanspruchnahme,Fall BEHANDARTZAHN = KF (Kieferorthopädie),alphanum.,1,
203,ZAHNFALL,DATENMODELL,,Die Daten sind in Abhängigkeit der Berichtsjahre auf unterschiedliche Datenmodelle aufgeteilt. Nicht alle Daten sind in allen Datenmodellen und für alle Berichtsjahre verfügbar oder haben je nach Datenmodell unterschiedliche Spaltennamen.,numerisch,1,
204,ZAHNLEIST,BJAHR,Berichtsjahr,"Berichtsjahr, zu dem die Lieferung gehört, im Format JJJJ",numerisch,4,
205,ZAHNLEIST,VSID,Einjähriges Pseudonym / Arbeitsnummer des Versicherten,Versicherten-ID zum Berichtjahr (Pseudonym). Dient zur Verknüpfung zwischen Tabellen innerhalb eines Berichtsjahres. Gemäß § 4 Abs. 4 von der Datensammelstelle zum periodenbezogenen Lieferpseudonym erzeugt.,numerisch,9,
206,ZAHNLEIST,PSID,Periodenübergreifendes Pseudonym,Überjährige Versicherten-ID (Pseudonym). Dient zur Verknüpfung zwischen Tabellen (ein- und überjährig).,VarBinary,32,
207,ZAHNLEIST,FALLIDZAHN,Fall-ID des ambulanten Zahnarztfalls,Technische Fall-ID zur Verknüpfung mit Satzart ZAHNFALL,numerisch,1..11,
208,ZAHNLEIST,LEISTDAT,Datum der Leistung,"Format JJJJMMTT
  
  Für PA- (Paradonthose) und ZE-Fälle (Zahnersatz) Datum der Planausstellung,
  für KF-Fälle (Kieferorthopädie) nur bei Begleitleistungen",numerisch,8,
209,ZAHNLEIST,ZAHN,Zahnangabe Beschreibung codiert,"Gemäß Technische Anlage Schlüsselverzeichnis Anhang 2, Abschnitt 4. Nicht für PA-Fälle (Paradonthose).",alphanum.,..5,
210,ZAHNLEIST,GEBNR,Gebührennummer,"Gemäß Technische Anlage Schlüsselverzeichnis Anhang 2, Abschnitt 1",alphanum.,1..25,
211,ZAHNLEIST,GEBPOS,Positionsangabe Beschreibung codiert,"Gemäß Technische Anlage. Wert laut Bemerkungsfeld im Schlüsselverzeichnis Anhang 2, Abschnitt 1. Nicht für PA- (Paradonthose) und ZE-Fälle (Zahnersatz).",alphanum.,..5,
212,ZAHNLEIST,GEBNRZAHL,Anzahl der Gebührennummern,Anzahl der abgerechneten Gebührennummern; falls nicht vorhanden = 1.,numerisch,1..4,
213,ZAHNLEIST,DATENMODELL,,Die Daten sind in Abhängigkeit der Berichtsjahre auf unterschiedliche Datenmodelle aufgeteilt. Nicht alle Daten sind in allen Datenmodellen und für alle Berichtsjahre verfügbar oder haben je nach Datenmodell unterschiedliche Spaltennamen.,numerisch,1,
214,ZAHNBEF,BJAHR,Berichtsjahr,"Berichtsjahr, zu dem die Lieferung gehört, im Format JJJJ",numerisch,4,
215,ZAHNBEF,VSID,Einjähriges Pseudonym / Arbeitsnummer des Versicherten,Versicherten-ID zum Berichtjahr (Pseudonym). Dient zur Verknüpfung zwischen Tabellen innerhalb eines Berichtsjahres. Gemäß § 4 Abs. 4 von der Datensammelstelle zum periodenbezogenen Lieferpseudonym erzeugt.,numerisch,9,
216,ZAHNBEF,PSID,Periodenübergreifendes Pseudonym,Überjährige Versicherten-ID (Pseudonym). Dient zur Verknüpfung zwischen Tabellen (ein- und überjährig).,VarBinary,32,
217,ZAHNBEF,FALLIDZAHN,Fall-ID des ambulanten Zahnarztfalls,Technische Fall-ID zur Verknüpfung mit Satzart ZAHNFALL,numerisch,1..11,
218,ZAHNBEF,BEFNR,Befundnummer,,alphanum.,1..5,
219,ZAHNBEF,ZAHN,Zahnangabe Beschreibung codiert,"Zahn-/ Gebietsbezeichnung, siehe Anhang 2, Abschnitt 4
  Bei zahnbezogenen Befunden erfolgt die Angabe mit einem Komma getrennt.
  Bei Befundnummern, die je Gesamtbefund abgerechnet werden, wird als Gebietsbezeichnung der Oberkiefer und Unterkiefer eingetragen",alphanum.,1..95,
220,ZAHNBEF,REFART,Art der Referenz,,alphanum.,1,
221,ZAHNBEF,BEFNRZAHL,Anzahl der abgerechneten Befundnummer,"Anzahl der abgerechneten Befundnummern in Hundertstel (z. B.: ""200"" für die zweimalige Abrechnung einer Leistung oder ""75"" für die Abrechnung einer dreiviertel Teilleistung)",numerisch,1..4,
222,ZAHNBEF,DATENMODELL,,Die Daten sind in Abhängigkeit der Berichtsjahre auf unterschiedliche Datenmodelle aufgeteilt. Nicht alle Daten sind in allen Datenmodellen und für alle Berichtsjahre verfügbar oder haben je nach Datenmodell unterschiedliche Spaltennamen.,numerisch,1,
223,REZ,BJAHR,Berichtsjahr,"Berichtsjahr, zu dem die Lieferung gehört, im Format JJJJ",numerisch,4,
224,REZ,VSID,Einjähriges Pseudonym / Arbeitsnummer des Versicherten,Versicherten-ID zum Berichtjahr (Pseudonym). Dient zur Verknüpfung zwischen Tabellen innerhalb eines Berichtsjahres. Gemäß § 4 Abs. 4 von der Datensammelstelle zum periodenbezogenen Lieferpseudonym erzeugt.,numerisch,9,
225,REZ,PSID,Periodenübergreifendes Pseudonym,Überjährige Versicherten-ID (Pseudonym). Dient zur Verknüpfung zwischen Tabellen (ein- und überjährig).,VarBinary,32,
226,REZ,REZNR,Rezeptnummer,Lieferungsspezifische eindeutige technische ID für die Zuordnung der zu einem Rezept gehörigen Informationen; durch die Kasse zu generieren.,numerisch,1..9,
227,REZ,PZNREZ,Pharmazentralnummer,Pharmazentralnummer; Sonderkennzeichen gemäß Technischer Anlage 1,alphanum.,8 oder 10,
228,REZ,VODAT,Verordnungsdatum,JJJJMMTT; sofern auf dem Verordnungsblatt nicht angegeben gilt ”JJJJMM00”,numerisch,8,
229,REZ,BSNRVOPSEUDO,Pseudonym der verordnenden Betriebsstätte,Pseudonym der verordnenden Betriebsstätte,numerisch,12,
230,REZ,BSNRVOVB,,,numerisch,2,
231,REZ,BSNRVOREGKNZ,Regionalkennzeichen der verordnenden Betriebsstätte,Regionalkennzeichen der verordnenden Betriebsstätte,numerisch,2,
232,REZ,LENRVOPSEUDO,Pseudonym des verordnenden Leistungserbringers,Pseudonym aus dem unveränderlichen Teil der lebenslangen Arztnummer oder Zahnarztnummer oder Pseudo-Arztnummer gemäß Steuertabelle (siehe lenrvopseudoarztnr),numerisch,12,
233,REZ,LENRVOFG,Fachgruppe des verordnenden Leistungserbringers,Fachgruppenschlüssel; Facharztbezeichnung,numerisch,2,
234,REZ,ABGABEDAT,Datum der Abgabe,"JJJJMMTT ; ist es auf Verordnungsblatt nicht angegeben, nicht maschinell verarbeitbar oder ergibt keinen plausiblen Wert, ist Abrechnungsmonat im Format ”JJJJMM00” anzugeben.",numerisch,8,
235,REZ,VERTRAGSKZ,Vertragskennzeichen,"Vertragskennzeichen für einzelvertragliche  Vereinbarungen zwischen Krankenkassen und  Leistungserbringern
  1 = Verordnungen im Rahmen der Versorgung  nach § 116b Abs. 1 SGB V
  4 = Verordnungen im Rahmen des Entlassmanagements nach  § 39 Abs. 1a SGB V
  7 = Verordnungen im Rahmen von Terminservicestellen nach § 75 Abs. 1a SGB V",alphanum.,…25,
236,REZ,APOPSEUDO,Pseudonym der Apotheke,Pseudonym der abgebenden Apotheke,numerisch,12,
237,REZ,APOKLASS,Klassifikation der Apotheke,Stellen 1 bis 2 des Apotheken-IK,numerisch,2,
238,REZ,APOREGKNZ,Regionalkennzeichen der Apotheke,Regionalkennzeichen nach Bundesländern,numerisch,2,
239,REZ,APOSITZ,Sitz des Leistungserbringer in In- oder Ausland,,alphanum.,1,
240,REZ,MENGE,Anzahl Einheiten oder Faktorkennzeichen,Mengenfaktor laut Verordnung.,numerisch,1..6,
241,REZ,NOCTU,Noctu,,alphanum.,1,
242,REZ,AUTIDEM,Aut Idem,,alphanum.,1,
243,REZ,WIRKSTOFFVO,Wirkstoffverordnung,,alphanum.,1,
244,REZ,AMBETRAG,Betrag,Einzelpreis SV-Brutto (inkl. Umsatzsteuer) des verordneten Mittels lt. Verordnung,numerisch,"1..9(, 2)",
245,REZ,ABSCHLAEGE,Gesetzliche Apotheken- und Großhandelsabschläge,"Betrag zum Zu-/Abschlag; bei Darstellung negativer Beträge wird ein Minuszeichen vorangestellt); Feldinhalt bezieht sich auf den angegebenen Betrag aus EFP-04
  Skonto (ABRP): Betrag des Skontos ist im Feld NPB-03 (mit NPB-02 = ""R003"") anzugeben",numerisch,"1..9(, 2)",
246,REZ,ZUZAHLKZ,Zuzahlungskennzeichen,,alphanum.,1,
247,REZ,ZUZAHLGES,Gesamtbetrag Zuzahlungen,Gesamtbetrag Zuzahlung (inkl. USt.) je Status; Inhalt = 0 (Null muss angegeben werden),numerisch,"1..9(, 2)",
248,REZ,EIGENBET,Gesamtbetrag Eigenbeteiligungen,Eigenbeteiligung der Versicherten bei Verordnungen im Rahmen der künstlichen Befruchtung,numerisch,"1..9(, 2)",
249,REZ,DATENMODELL,,Die Daten sind in Abhängigkeit der Berichtsjahre auf unterschiedliche Datenmodelle aufgeteilt. Nicht alle Daten sind in allen Datenmodellen und für alle Berichtsjahre verfügbar oder haben je nach Datenmodell unterschiedliche Spaltennamen.,numerisch,1,
250,EZD,BJAHR,Berichtsjahr,"Berichtsjahr, zu dem die Lieferung gehört, im Format JJJJ",numerisch,4,
251,EZD,VSID,Einjähriges Pseudonym / Arbeitsnummer des Versicherten,Versicherten-ID zum Berichtjahr (Pseudonym). Dient zur Verknüpfung zwischen Tabellen innerhalb eines Berichtsjahres. Gemäß § 4 Abs. 4 von der Datensammelstelle zum periodenbezogenen Lieferpseudonym erzeugt.,numerisch,9,
252,EZD,PSID,Periodenübergreifendes Pseudonym,Überjährige Versicherten-ID (Pseudonym). Dient zur Verknüpfung zwischen Tabellen (ein- und überjährig).,VarBinary,32,
253,EZD,REZNR,Rezeptnummer,Lieferungsspezifische eindeutige technische ID für die Zuordnung der zu einem Rezept gehörigen Informationen; durch die Kasse zu generieren.,numerisch,1..9,
254,EZD,PZNEZD,Pharmazentralnummer,PZN der verwendeten Packung,alphanum.,8,
255,EZD,FAKTOR,Faktor,Angabe über den Faktor.,numerisch,"1..6(,6)",
256,EZD,FAKTORKENNZEICHEN,Faktorkennzeichen,"Angabe über das Faktorkennzeichen. 
 
 Kennzeichen für verarbeitete Packungen oder Teilmengen von Packungen, Stoffen, Gefäßen oder für Zuschläge (s. weiterführende Links).
 
 In diesem Feld befindet sich die Angabe in welcher Einheit die Verordnung  herausgegeben wurde.",alphanum.,2,
257,EZD,DATENMODELL,,Die Daten sind in Abhängigkeit der Berichtsjahre auf unterschiedliche Datenmodelle aufgeteilt. Nicht alle Daten sind in allen Datenmodellen und für alle Berichtsjahre verfügbar oder haben je nach Datenmodell unterschiedliche Spaltennamen.,numerisch,1,
258,KHFALL,BJAHR,Berichtsjahr,"Berichtsjahr, zu dem die Lieferung gehört, im Format JJJJ",numerisch,4,
259,KHFALL,VSID,Einjähriges Pseudonym / Arbeitsnummer des Versicherten,Versicherten-ID zum Berichtjahr (Pseudonym). Dient zur Verknüpfung zwischen Tabellen innerhalb eines Berichtsjahres. Gemäß § 4 Abs. 4 von der Datensammelstelle zum periodenbezogenen Lieferpseudonym erzeugt.,numerisch,9,
260,KHFALL,PSID,Periodenübergreifendes Pseudonym,Überjährige Versicherten-ID (Pseudonym). Dient zur Verknüpfung zwischen Tabellen (ein- und überjährig).,VarBinary,32,
261,KHFALL,FALLIDKH,Fall-ID des Krankenhausfalls,"Technische Fall-ID zur Verknüpfung mit Satzarten KHFA, KHND, KHPROZ und KHENTG",numerisch,1..11,
262,KHFALL,KHPSEUDO,Pseudonym des Krankenhauses,Pseudonym des Krankenhauses,numerisch,12,
263,KHFALL,KHKLASS,Klassifikation des Krankenhauses,26 - Klassifikation als Krankenhaus,numerisch,2,
264,KHFALL,KHREGKZ,Regionalkennzeichen des Krankenhauses,Regionalkennzeichen nach Bundesländern; regionale Zuordnung durch Kennzeichnung des Bundeslandes. (Schlüssel 26: KV-Bezirk),numerisch,2,
265,KHFALL,AUFNDAT,Aufnahmetag,Format JJJJMMTT,alphanum.,8,
266,KHFALL,AUFNGRUND,Aufnahmegrund,"Schlüssel 1
 
 Siehe Anlage 2 https://www.gkv-datenaustausch.de/leistungserbringer/krankenhaeuser/krankenhaeuser.jsp",alphanum.,4,
267,KHFALL,ENTLASSGRUND,Entlassungsgrund,"Schlüssel 5
 
 Siehe Anlage 2 https://www.gkv-datenaustausch.de/leistungserbringer/krankenhaeuser/krankenhaeuser.jsp",alphanum.,3,
268,KHFALL,AUFNFA,Aufnehmende Fachabteilung,"Schlüssel 6
 
 Siehe Anlage 2 https://www.gkv-datenaustausch.de/leistungserbringer/krankenhaeuser/krankenhaeuser.jsp",alphanum.,4,
269,KHFALL,EINWEISPSEUDO,Pseudonym des einweisenden Arztes oder KZV-Nummer des einweisenden Zahnarztes,Pseudonym des einweisenden Arztes oder KZV-Nummer des einweisenden Zahnarztes,numerisch,12,
270,KHFALL,EINWEISFG,Fachgruppe des einweisenden Arztes oder einweisenden Zahnarztes,Fachgruppenschlüssel; Facharztbezeichnung,numerisch,2,
271,KHFALL,VERANLASSKHPSEUDO,Pseudonym des veranlassenden Krankenhauses bei Verlegung,Pseudonym des veranlassenden Krankenhauses bei Verlegung,numerisch,12,
272,KHFALL,VERANLASSKHKLASS,Klassifikation des veranlassenden Krankenhauses bei Verlegung,26 - Klassifikation als Krankenhaus,numerisch,2,
273,KHFALL,VERANLASSKHREGKNZ,Regionalkennzeichen des veranlassenden Krankenhauses bei Verlegung,Regionalkennzeichen nach Bundesländern,numerisch,2,
274,KHFALL,BEATSTD,Beatmungsstunden,Format HHHH,alphanum.,..4,
275,KHFALL,VERANLASSSTELLEPSEUDO,Pseudonym der veranlassenden Stelle bei Notaufnahme,Pseudonym der veranlassenden Stelle bei Notaufnahme,alphanum.,..30,
276,KHFALL,DATENMODELL,,Die Daten sind in Abhängigkeit der Berichtsjahre auf unterschiedliche Datenmodelle aufgeteilt. Nicht alle Daten sind in allen Datenmodellen und für alle Berichtsjahre verfügbar oder haben je nach Datenmodell unterschiedliche Spaltennamen.,numerisch,1,
277,KHFA,BJAHR,Berichtsjahr,"Berichtsjahr, zu dem die Lieferung gehört, im Format JJJJ",numerisch,4,
278,KHFA,VSID,Einjähriges Pseudonym / Arbeitsnummer des Versicherten,Versicherten-ID zum Berichtjahr (Pseudonym). Dient zur Verknüpfung zwischen Tabellen innerhalb eines Berichtsjahres. Gemäß § 4 Abs. 4 von der Datensammelstelle zum periodenbezogenen Lieferpseudonym erzeugt.,numerisch,9,
279,KHFA,PSID,Periodenübergreifendes Pseudonym,Überjährige Versicherten-ID (Pseudonym). Dient zur Verknüpfung zwischen Tabellen (ein- und überjährig).,VarBinary,32,
280,KHFA,FALLIDKH,Fall-ID des Krankenhausfalls,Technische Fall-ID zur Verknüpfung mit Satzart KHFALL,numerisch,1..11,
281,KHFA,FA,Fachabteilung,"Schlüssel 6 oder ""0000"" oder ""0001"" oder ""0002"" oder „0003“ oder „0004“
 
 Siehe Anlage 2 https://www.gkv-datenaustausch.de/leistungserbringer/krankenhaeuser/krankenhaeuser.jsp",alphanum.,4,
282,KHFA,ENTLASSDAT,Entlassungs- oder Verlegungsdatum aus der Fachabteilung,Format JJJJMMTT,alphanum.,8,
283,KHFA,ENTLASSZEIT,Entlassungs- oder Verlegungsuhrzeit aus der Fachabteilung,Format HH(00-23)MM(00-59),alphanum.,4,
284,KHFA,DATENMODELL,,Die Daten sind in Abhängigkeit der Berichtsjahre auf unterschiedliche Datenmodelle aufgeteilt. Nicht alle Daten sind in allen Datenmodellen und für alle Berichtsjahre verfügbar oder haben je nach Datenmodell unterschiedliche Spaltennamen.,numerisch,1,
285,KHDIAG,BJAHR,Berichtsjahr,"Berichtsjahr, zu dem die Lieferung gehört, im Format JJJJ",numerisch,4,
286,KHDIAG,VSID,Einjähriges Pseudonym / Arbeitsnummer des Versicherten,Versicherten-ID zum Berichtjahr (Pseudonym). Dient zur Verknüpfung zwischen Tabellen innerhalb eines Berichtsjahres. Gemäß § 4 Abs. 4 von der Datensammelstelle zum periodenbezogenen Lieferpseudonym erzeugt.,numerisch,9,
287,KHDIAG,PSID,Periodenübergreifendes Pseudonym,Überjährige Versicherten-ID (Pseudonym). Dient zur Verknüpfung zwischen Tabellen (ein- und überjährig).,VarBinary,32,
288,KHDIAG,FALLIDKH,Fall-ID des Krankenhausfalls,Technische Fall-ID zur Verknüpfung mit Satzart KHFALL,numerisch,1..11,
289,KHDIAG,DIAGART,Art der Diagnose des voll- oder teilstationären Falls,"A = Aufnahmediagnose
 H = Hauptdiagnose
 N = Nebendiagnose",alphanum.,1,
290,KHDIAG,ICDKH_CODE,ICD 10 GM Code ohne Punktnotation und Sonderzeichen,"ICD 10 GM Code ohne Punktnotation und Sonderzeichen. 
 Im Feld ICDKH_CODE finden sich die Diagnosen rein alphanumerisch ohne Punkt und ohne Sonderzeichen. Die ICD-Sonderzeichen zum Feld ICDKH_CODE finden sich im Feld ICDKH_ZUSATZ. Weitere Hinweise zur Diagnosecodierung sind in den Deutschen Kodierrichtlinien (DKR) aufgeführt.",alphanum.,1-9,
291,KHDIAG,ICDKH_ZUSATZ,ICD Sonderzeichen,ICD Sonderzeichen,alphanum.,1..,
292,KHDIAG,ICDLOKAL,Lokalisation der Primärdiagnose,"Lokalisation; Schlüssel 16; R = rechts, L = links, B = beidseitig",alphabetisch,1,
293,KHDIAG,SEKICD_CODE,ICD 10 GM Code Sekundärdiagnose ohne Punktnotation und Sonderzeichen,"ICD 10 GM Code ohne Punktnotation  und Sonderzeichen. 
 Im Feld SEKICD finden sich die Diagnosen rein alphanumerisch ohne Punkt und ohne Sonderzeichen. Die ICD-Sonderzeichen zum Feld SEKICD_CODE finden sich im Feld SEKICD_ZUSATZ. Weitere Hinweise zur Diagnosecodierung sind in den Deutschen Kodierrichtlinien (DKR) aufgeführt.",alphanum.,1-9,
294,KHDIAG,SEKICD_ZUSATZ,ICD Sonderzeichen Sekundärdiagnose,ICD Sonderzeichen,alphanum.,1..,
295,KHDIAG,SEKICDLOKAL,Lokalisation der Sekundärdiagnose,"Lokalisation; Schlüssel 16; R = rechts, L = links, B = beidseitig",alphabetisch,1,
296,KHDIAG,DATENMODELL,,Die Daten sind in Abhängigkeit der Berichtsjahre auf unterschiedliche Datenmodelle aufgeteilt. Nicht alle Daten sind in allen Datenmodellen und für alle Berichtsjahre verfügbar oder haben je nach Datenmodell unterschiedliche Spaltennamen.,numerisch,1,
297,KHPROZ,BJAHR,Berichtsjahr,"Berichtsjahr, zu dem die Lieferung gehört, im Format JJJJ",numerisch,4,
298,KHPROZ,VSID,Einjähriges Pseudonym / Arbeitsnummer des Versicherten,Versicherten-ID zum Berichtjahr (Pseudonym). Dient zur Verknüpfung zwischen Tabellen innerhalb eines Berichtsjahres. Gemäß § 4 Abs. 4 von der Datensammelstelle zum periodenbezogenen Lieferpseudonym erzeugt.,numerisch,9,
299,KHPROZ,PSID,Periodenübergreifendes Pseudonym,Überjährige Versicherten-ID (Pseudonym). Dient zur Verknüpfung zwischen Tabellen (ein- und überjährig).,VarBinary,32,
300,KHPROZ,FALLIDKH,Fall-ID des Krankenhausfalls,Technische Fall-ID zur Verknüpfung mit Satzart KHFALL,numerisch,1..11,
301,KHPROZ,PROZ,Prozedurenschlüssel,"Amtlicher OP-Schlüssel (OPS-Kode der Operation gemäß DIMDI-Schlüssel); wie in der Abrechnung enthalten, inkl. aller Sonderzeichen",alphanum.,1..11,
302,KHPROZ,PROZDAT,Prozedurendatum,Format JJJJMMTT,alphanum.,8,
303,KHPROZ,PROZLOKAL,Prozedurenlokalisation,"Lokalisation; Schlüssel 16; R = rechts, L = links, B = beidseitig",alphabetisch,1,
304,KHPROZ,DATENMODELL,,Die Daten sind in Abhängigkeit der Berichtsjahre auf unterschiedliche Datenmodelle aufgeteilt. Nicht alle Daten sind in allen Datenmodellen und für alle Berichtsjahre verfügbar oder haben je nach Datenmodell unterschiedliche Spaltennamen.,numerisch,1,
305,KHENTG,BJAHR,Berichtsjahr,"Berichtsjahr, zu dem die Lieferung gehört, im Format JJJJ",numerisch,4,
306,KHENTG,VSID,Einjähriges Pseudonym / Arbeitsnummer des Versicherten,Versicherten-ID zum Berichtjahr (Pseudonym). Dient zur Verknüpfung zwischen Tabellen innerhalb eines Berichtsjahres. Gemäß § 4 Abs. 4 von der Datensammelstelle zum periodenbezogenen Lieferpseudonym erzeugt.,numerisch,9,
307,KHENTG,PSID,Periodenübergreifendes Pseudonym,Überjährige Versicherten-ID (Pseudonym). Dient zur Verknüpfung zwischen Tabellen (ein- und überjährig).,VarBinary,32,
308,KHENTG,FALLIDKH,Fall-ID des Krankenhausfalls,Technische Fall-ID zur Verknüpfung mit Satzart KHFALL,numerisch,1..11,
309,KHENTG,ENTGART,Entgeltart,Schlüssel 4,alphanum.,8,
310,KHENTG,ENTGBETRAG,Entgeltbetrag,"Format 99999999,99 (Einzelbetrag)",numerisch,"1..8(,2)",
311,KHENTG,ABRVONDAT,Abrechnung von,Format JJJJMMTT,alphanum.,8,
312,KHENTG,ABRBISDAT,Abrechnung bis,Format JJJJMMTT,alphanum.,8,
313,KHENTG,ENTGZAHL,Anzahl der Entgelte,"In diesem Feld ist der Faktor enthalten mit dem das Feld ""entgbetrag"" multipliziert wird, um die Gesamtkosten zu erhalten.",numerisch,1..5,
314,KHENTG,TAGEOBE,Tage ohne Berechnung/Behandlung,"Bei diesen Tagen handelt es sich um die Zeit in der der Versicherte zwar im Krankenhaus liegt, allerdings keine Behandlung erhält.",numerisch,1..3,
315,KHENTG,DATENMODELL,,Die Daten sind in Abhängigkeit der Berichtsjahre auf unterschiedliche Datenmodelle aufgeteilt. Nicht alle Daten sind in allen Datenmodellen und für alle Berichtsjahre verfügbar oder haben je nach Datenmodell unterschiedliche Spaltennamen.,numerisch,1,
