VSID,PSID,FALLIDAMB,OPS,OPSLOKAL,OPSDAT,BJAHR,BNR,DATENMODELL
12f,11b,f7c6671e440,N,L,201,2024,YZGV6GEO,0
8d9,438,e1ee8bee27f,N,X,202,2021,4Z1Q31GB,8
6ac,984,99944519e21,J,X,202,2023,7GLZU6TY,3
695,e87,462dee3b774,J,X,201,2023,QA8EJGYA,3
d9e,46c,f0f176ca662,N,X,202,2018,Z4JBNTD5,5
9d4,fbb,00df72a984e,N,X,202,2021,A1H51LI3,0
504,b36,2b22559edb5,J,X,201,2021,OZGMNS5P,3
d51,90e,e3570f3aeb2,J,L,202,2016,F27SFMD3,2
14b,77c,c7c17983342,J,X,201,2022,3GZSZD3Y,5
82f,01c,ab70fbe572b,J,X,201,2023,W5YR4JIC,3
b76,204,c0c93494c90,N,X,202,2021,OCIYIA31,3
78a,d76,89b9b45310e,N,X,202,2022,WL5KDC8S,3
802,ab9,d7d6018ba99,J,X,202,2023,H0GJ5RQK,3
025,6a6,16f43f15ce7,N,X,202,2027,Q379Q42G,3
f95,68f,c54497fe74b,N,X,202,2022,PV8ZW8Z1,3
df3,ba5,a33c4b813cd,J,X,202,2023,GKCI7GHP,4
744,fbb,a1d5b3c8dd5,N,X,202,2023,KIIQGQCC,0
cab,187,adcd2cf6551,N,L,202,2017,97JSIDD0,3
ccb,dbf,60749fb57a8,N,X,202,2016,6LUMJD3H,10
5b3,e79,0dbe087ed15,J,X,202,2019,DJKLYFQS,2
80c,03c,fd593fb9e39,J,X,202,2025,UMYHXF1W,3
e6f,11e,bad95eb747b,J,X,202,2024,JBS0OTZ7,0
c51,95c,d28f2eaf7da,J,X,201,2024,GUPX6GFZ,3
174,ff7,dabaa300670,J,X,202,2018,LX2HTGM1,-5
8be,264,f7e423d2dbc,N,X,201,2031,Y13XIHXY,6
971,eaa,19614a003cd,N,X,202,2027,94GZBAJH,4
78a,cc3,fd779800ae3,J,X,201,2022,WL5KDC8S,3
9fb,967,f6f6cdeae96,N,X,202,2022,P9IXLN66,1
e91,fb4,376cb3a8634,N,X,202,2025,61SXT31H,4
c77,9a7,7e69b290ddf,N,X,202,2021,39AIZKHF,3
98b,cd2,91591f19900,J,X,201,2020,3GTDIROJ,5
ac2,58d,0b9e4de2d5e,J,X,202,2021,XEY4YLUI,2
d2d,fb8,6f71f5ba5a9,J,X,202,2022,83AQ6GG9,2
318,0f9,4432dcb7869,N,X,202,2023,60OWIXT7,5
906,fe6,e7ebb73c535,N,X,202,2020,ARTVM6ZX,4
ea8,339,7a06ce563c7,J,X,202,2022,VSN5JPI3,6
971,06c,19614a003cd,J,X,202,2024,94GZBAJH,3
c26,8eb,68da7aa32d0,J,X,202,2023,B0RX7PUC,7
4fc,b44,bcc3b267adb,N,X,202,2020,H0F1TIKG,11
331,fc9,7e0400eec0f,J,X,202,2021,4XVP042E,1
a6a,964,bcc286dac76,N,X,202,2021,82854HSP,3
c7a,d99,12e7deb70c0,N,X,202,2035,BPTPUIXM,4
101,9d7,ea2ddea139a,J,L,202,2012,4J8O43JO,2
ce1,f55,49c24d6d6f0,N,X,202,2022,F4HE46H4,-1
650,850,d98664c8ef5,J,X,202,2021,OL0USIG8,2
bbd,c1d,687e040646c,N,X,202,2021,1WMTHPLC,2
28a,0ee,7a0966adf29,J,X,202,2019,SV0U8UD2,3
b42,6ab,18c63b920ba,J,X,201,2022,RPWJ9ZBB,-3
df0,267,7ec7d007ab5,N,X,202,2015,TE5E5Z69,3
32a,427,7ef56ae0227,N,X,202,2022,BTLIMRST,3
f95,d79,6028e10bfa7,N,X,202,2024,PV8ZW8Z1,4
acb,c90,06a747ad026,J,X,202,2013,08HPARTT,2
61f,923,4dd96827fff,J,X,202,2021,QD0N6Z5K,-1
c95,0a8,a6a5838892a,J,X,202,2021,9Y753IJD,4
60a,5ff,0b8c1f5f944,J,X,202,2023,TVPTJXX7,5
e91,fd1,af4922507cc,J,X,202,2020,61SXT31H,0
9a5,a10,db6b8e8e7d9,J,B,202,2019,44IH531Q,4
f88,538,04e28032eb9,N,X,202,2021,PRHAT9RD,6
ac6,312,bafc8e7b9c2,N,X,202,2023,EL9SEC37,3
e6f,ed0,bad95eb747b,J,X,202,2021,JBS0OTZ7,2
c48,fa9,110000777d6,J,L,202,2020,ZWGNM6VG,0
990,511,d3c232ed75e,J,X,202,2019,RSL0U8YG,1
3a9,1eb,995c1d537a5,J,X,202,2024,KJ8GWBP6,13
f3c,f05,827feb98e0c,J,X,202,2024,YYGA4GDQ,8
a99,585,ced5af0f2f3,J,X,202,2034,NW0MT6LW,1
551,940,05173a9f6e3,J,X,201,2023,1LGZ3CCQ,6
66c,bdd,e96be0255b7,J,X,202,2022,QEW0FRHR,5
69a,192,23490f51657,N,X,202,2022,1V6IPAD5,3
b1c,4f5,ec4fba6041a,N,X,202,2016,OTHA5T2K,-2
42c,94c,7f38142f119,N,X,202,2021,1KFVFNR6,3
4ce,81c,7e1b176b368,J,X,202,2027,BXN6IWIR,-2
e22,bb4,73f55744494,N,X,202,2023,EUT2YYYX,4
83b,aaf,69a33489a9c,N,X,202,2019,IAMJDCF7,2
015,c00,1af5226f500,N,X,202,2019,FSCCFRLF,3
51d,157,ef7a7585fb0,J,X,202,2012,E9VB142B,6
ae8,5ff,50370fffaa4,N,X,202,2023,PPD78TW0,-4
b1b,210,c3e050eed50,J,X,202,2022,QRXJS4SU,3
8d9,a1a,e1ee8bee27f,J,X,202,2021,4Z1Q31GB,0
c54,9ee,1be172e45d6,N,X,202,2020,U5JWWUHZ,-2
a40,831,63a9ceb1fc6,N,X,202,2021,1UIJNX6B,1
8be,d9b,9308ceec3cc,N,X,202,2024,DVMSDKYS,4
0a1,9fa,8888c9d9e77,J,L,202,2022,MNXJYRAO,2
c5a,c09,584a067e08d,J,X,202,2028,PTW7KF3F,4
72a,cb2,c757a6fa1fb,N,X,202,2029,HCU5ZJKF,5
526,798,201119bb3c1,J,X,202,2027,FQ82JRAD,3
695,473,462dee3b774,J,X,202,2018,QA8EJGYA,2
eee,372,8492d197363,N,X,202,2019,YV9P7DJM,1
60a,396,b0d2c183365,N,X,201,2021,TVPTJXX7,4
174,179,dc290358d26,J,X,202,2023,LX2HTGM1,5
7df,acf,75cc02b8855,N,X,202,2019,JN4R0UFQ,4
6bc,e43,5c769d02958,N,X,202,2027,6QH4WYXB,5
a40,4f9,63a9ceb1fc6,J,X,202,2020,1UIJNX6B,6
c41,6ba,9cd408445a3,J,X,202,2020,WK7RF2OT,4
1a3,e22,4aa3db23763,N,X,202,2021,2NQJ9PY8,2
6fa,2b7,d4f0195c05d,N,X,202,2023,3AH5IWV9,4
ae3,8a5,fe6bf551e1e,J,X,201,2014,EL9GEKJK,4
26a,abb,feee0a5bd79,J,X,202,2022,WXWTK9RK,4
dc3,ecd,0f888ecd2fc,J,X,202,2024,3Y6JW70R,3
695,570,ed606d8205c,J,X,201,2023,QA8EJGYA,5
f99,505,8d970b2924f,J,X,202,2021,GAJTZYSF,1
673,3b0,c2d7fc3479c,J,X,202,2026,H0TYW3PI,2
40c,4f1,4e8cfd2a061,J,X,202,2017,NFGB0O93,2
68c,c36,fc11479725e,N,X,202,2023,45C17K9F,3
5da,321,ad1a72c1915,J,X,202,2024,6VJT9S86,1
802,8b0,d7d6018ba99,N,X,202,2020,H0GJ5RQK,6
336,302,22a097ac00a,J,X,202,2026,EACTHQAQ,1
438,a6f,a3d1a88147b,N,X,201,2016,N074OALE,4
a24,cab,80344edbf73,J,X,202,2022,W5OTCTO3,4
206,ea1,312b63b75db,J,X,202,2019,1O4WC88D,1
802,c3d,4dea4b673f1,J,X,202,2024,0N1WBRQW,4
65b,d34,3e59732ac2a,N,X,202,2024,QDKKWNN6,5
494,8df,6f7964283bc,J,X,202,2022,1XL3UH8B,4
8e9,220,c7e40f294a4,J,X,202,2028,R8KL20LO,0
8db,bdd,d177f52ade2,N,X,201,2023,UJAJI448,-1
727,edc,238c2d7cb20,N,X,202,2023,BTCWAZHE,5
89d,61b,3c30841d2ba,J,X,202,2022,BTGYOQ1X,5
8a1,dd2,ee5f12ba9e3,J,R,202,2020,V6RAC6C3,7
2b9,a76,476eda14cca,N,X,202,2023,EREXNPLK,8
1b0,fba,b1130257d7b,J,X,202,2027,MPYS271L,3
351,cd0,c1e8ddcf1fd,J,X,202,2017,Z0ZI5KXQ,1
36f,240,43fa8e5f9da,N,X,202,2021,E8ZYB0AS,3
05d,c42,3e913e42ed8,J,X,202,2028,7LPY47ZS,2
b54,04d,7aaa3489cc2,J,X,202,2021,YYCYCXKN,4
bdb,9e7,76d6d711ba2,J,X,202,2023,0YICOAJ0,3
464,42e,0d26475d80e,J,X,202,2026,4YSOS4DX,10
bbd,3fe,f578982b164,N,X,202,2020,1WMTHPLC,6
8df,147,e977fa5bcfa,N,X,202,2021,UXDPTOIL,2
9e9,9c7,23bce697134,N,X,202,2022,SGJGTKF2,0
540,172,f0f56bc6838,N,R,202,2021,YTC33NEY,3
79e,4be,f3a0aacb1c8,N,X,202,2021,90JYYWYP,4
f07,a70,7bf50111529,N,X,202,2018,4QJEE8OU,5
acb,925,1370ae6d479,J,X,202,2029,5ONG1FF3,2
e81,609,09dd8b670b3,J,X,202,2021,UMWJK578,2
d45,16f,011d8699a12,N,X,201,2020,YMOWAXQR,5
4f4,c5c,fc182dc2ee6,N,X,202,2023,XHF9O2GE,4
133,970,6450a9ad089,J,X,202,2018,75PGMU5A,-1
f92,55e,fcfdf45dad8,J,X,202,2022,IZOF3H5A,3
9d4,691,00df72a984e,N,X,202,2024,A1H51LI3,2
b1b,58f,06f9e7a1556,N,X,202,2023,QRXJS4SU,7
186,a65,ccb0f55e5ee,J,X,202,2017,F76GRATX,3
5c5,58b,908dcc349af,N,X,202,2019,4VD2J089,8
b28,339,d1f046dd032,J,X,202,2022,0ZVYRBQS,2
36b,d56,23c175bc177,J,X,202,2026,HAQ4VPKZ,3
0ec,fc3,cebf3bd7e73,J,X,202,2024,PSAKSMBR,5
df0,902,7ec7d007ab5,J,X,202,2024,TE5E5Z69,3
a56,fd0,a8e61a1c75e,N,X,202,2023,E1YLMWKL,4
3bf,c1d,131c7ba0c9d,J,X,202,2020,H40450QE,4
727,ee6,09f86a410b7,J,X,202,2020,BTCWAZHE,6
f96,e45,70dacc61ebf,N,X,202,2016,ER2VYDRG,3
076,5a3,e9414614612,J,X,202,2018,UAI8K75R,8
8be,410,9308ceec3cc,J,X,202,2014,DVMSDKYS,3
aa9,8f1,a01c0998963,N,R,202,2027,83OZ7XFV,2
0af,0f3,7f491be6753,J,X,202,2019,9774K3PQ,4
93c,05f,8a32dda3148,N,X,202,2027,RD73V0R8,0
0a1,839,8888c9d9e77,N,X,202,2023,MNXJYRAO,4
72a,612,cc751bbd2ab,N,B,202,2027,LC6HVRXD,0
3a9,a70,9b159961759,N,X,202,2024,KJ8GWBP6,-3
989,883,934a917738c,N,X,202,2026,3WB5AIWF,4
b47,eab,d0c3409bda2,J,X,201,2022,D3PV1ZIP,3
5b5,06a,d937fbb4b73,N,X,201,2022,H7VYYYW3,3
aaf,28b,afec2663b42,N,X,202,2024,DCADG7RD,2
1b0,b36,b1130257d7b,N,X,202,2025,MPYS271L,1
e9b,cd2,5d8468bcb2c,J,X,202,2024,JGEULBVL,-2
e69,edf,65fa214edfc,J,X,202,2023,THUP3WAJ,1
04f,1bc,0845baf9393,J,X,202,2022,0U2WJIUY,3
b6c,d1c,7153d0b60e6,J,X,202,2024,VSPCDOBA,9
208,9d6,3cdb72bfde4,N,X,201,2022,65AW5GLI,8
9a9,84e,d26a180ffde,N,X,202,2020,WKJSDYVO,3
2dc,55f,1b91a2faabe,J,X,202,2020,O53GG70Y,1
9d4,15e,a40d3f7bcd7,J,X,201,2021,A1H51LI3,2
d17,d46,d76a133bffe,J,X,202,2022,NFSH8V8O,1
acb,35f,38c24670d30,J,X,202,2023,5ONG1FF3,2
971,b1a,82c68b06daf,N,X,202,2022,94GZBAJH,3
584,c26,ff517845b90,J,X,202,2020,LF64P6YD,1
426,049,fbf966f033c,J,X,202,2023,PPFS0KDW,3
034,04f,f4d2dc6387e,J,X,202,2021,2QCX98BV,3
18e,9bd,41a6634d920,J,X,202,2025,FDYJ3R2L,1
8df,268,e977fa5bcfa,J,X,202,2015,UXDPTOIL,1
d41,423,7008a170d6b,J,X,202,2022,BHQYLJZ5,3
c54,d2f,1be172e45d6,J,X,202,2022,U5JWWUHZ,6
37e,f31,31890fd280b,J,X,202,2021,X7TJON99,3
39c,196,048fb1f6ba7,J,X,201,2016,23K3L0KZ,6
617,a9e,24051de8c4e,N,X,202,2019,EHOKY1QV,3
101,500,ea2ddea139a,J,X,202,2015,4J8O43JO,3
f35,8ec,0aece1dbb64,N,X,202,2025,T9TRO4MZ,4
44c,dec,5d3030f0ae5,N,B,202,2020,VJPVW980,2
015,712,dbd9b0d9e27,N,X,202,2020,FSCCFRLF,2
809,710,0370439199c,N,X,202,2023,0CI9NF3H,-3
cab,fbd,847d3cd2970,N,X,202,2019,VGMZWMJ6,3
85d,aad,22530d0102b,J,X,201,2020,KWZSGY4E,10
8ea,180,af489f789e1,N,X,202,2019,BK5PACWN,4
19f,41e,cf84107e09e,J,X,202,2021,1CNIHXQY,6
0d7,330,466d7b0dda9,J,X,202,2020,G2SN9HED,4
4c4,7db,0ba6894b942,J,X,202,2019,9SK7066P,11
537,7f9,c84c99c03a6,N,X,202,2019,7YCQNPYE,4
acb,460,1c72c8c9ece,N,X,202,2022,LAQDXVJT,1
7c6,a01,82472f62511,J,X,202,2022,5VW57BVJ,0
e75,0ba,0701daecc6f,J,X,202,2022,PPS6NY01,17
5d1,882,7d66137e1ab,J,X,202,2020,SJXF9MQP,2
d4c,083,529cbf5adf8,J,X,202,2019,DDR5ZD5L,3
f73,098,b3e9e88fba4,N,X,202,2024,L9EXAMFI,1
70f,cd5,9fb0b8a2fde,N,X,202,2016,V6WP716K,2
757,84a,4a1b80b9b0e,J,X,202,2023,CVHKH50D,3
8ab,b50,38a708b2387,N,X,202,2020,IYDYRHSS,3
353,9b9,9aadf9f698f,J,X,202,2015,GEQKJ3TY,3
6a8,e6a,df0d28d11f4,N,X,202,2023,VEX8RTVQ,6
6e1,f51,f631789fdfb,J,X,202,2026,FWSZ47JX,2
ccb,9ee,60749fb57a8,N,X,201,2022,6LUMJD3H,6
5fb,5a1,1ac61b831f0,N,X,202,2032,CHD8KTAB,2
ac2,ff9,0b9e4de2d5e,N,X,202,2019,XEY4YLUI,0
494,ae2,1ccb1f2cc52,N,X,202,2021,1XL3UH8B,-1
39c,c21,8277c73ad80,J,X,202,2022,0JZI2U97,5
a8a,ebd,8da72994f05,N,X,202,2025,Y49QOVD4,0
ce1,15c,9d84d21fc4b,J,X,202,2024,0JXE80BA,0
b50,c63,ecc12166382,N,X,202,2022,Z5JU2KLX,1
1f3,fe5,96a5e70835b,N,L,202,2018,1NGZK5XK,5
c41,e52,9cd408445a3,N,X,201,2018,WK7RF2OT,10
d25,280,cd5a1b969e5,N,X,202,2026,KX3B36OP,4
40c,f87,84e8d0a5fe7,J,X,202,2026,HVX1URLS,5
93c,306,8a32dda3148,N,X,202,2021,RD73V0R8,0
1a3,2cb,4aa3db23763,J,X,202,2022,2NQJ9PY8,5
537,608,b9b3be7efdb,J,X,202,2021,7YCQNPYE,4
0db,520,46abd8e9b3a,N,X,202,2024,OOUXFJX4,0
66c,cdc,d06dbea50f1,N,X,202,2026,QEW0FRHR,5
3d6,a90,58b00203ca8,N,X,202,2024,6UJKQG5C,2
ac7,938,878b326bf6c,J,X,202,2020,6LZJGMOG,3
bb6,f9f,b971fb8b173,J,R,202,2020,UEQP68HZ,6
a8c,3e6,1792c205bbc,N,X,202,2023,CAZTKB29,4
934,128,6f60eee7cbd,J,X,201,2021,B441CLVK,3
617,b1d,f48d7c1ec55,N,X,202,2025,EHOKY1QV,0
845,902,dd469247ee5,N,X,202,2021,ETC1EMK7,2
9d7,5e7,f25ed74c5e8,J,X,202,2022,V23ZI5V7,2
36f,16f,a1d5fbf3ad6,J,X,202,2023,E8ZYB0AS,3
ebd,c5c,ce13accd107,J,X,202,2020,LYO14PJP,4
4f4,50f,ed08aa7447c,N,L,202,2017,XHF9O2GE,7
440,fad,e5c5374ea9b,J,X,202,2022,O0NQ8N64,-1
787,37c,1bbadfc3cfc,J,X,202,2022,Q64RIE9E,3
7ef,a09,b139a1d88ed,J,X,202,2017,0VWI7H5Z,4
954,597,e9a2569d838,J,X,202,2023,3U1QVVR1,2
4e3,1fc,f78accb8f9f,J,X,202,2019,M30NK0YS,2
ac2,62f,0b9e4de2d5e,N,X,202,2018,XEY4YLUI,1
c64,fd6,15d0d07cdc0,N,X,202,2022,IZUC14CC,2
c85,bc9,de88fd44c72,N,X,202,2020,BCDC7Z3F,-1
0ef,9ce,3963bedd4f8,J,X,202,2029,NKWRLYPI,2
b5a,b25,41ceca315ce,J,X,202,2022,FJ72BBKG,-2
80c,bd8,fd593fb9e39,N,X,202,2023,UMYHXF1W,3
c95,67c,601d8a60a52,J,X,202,2023,9Y753IJD,4
d17,537,d76a133bffe,N,X,202,2024,NFSH8V8O,5
695,9cd,47e70f23a5c,J,X,202,2022,QA8EJGYA,3
19f,a47,cf84107e09e,J,X,202,2022,1CNIHXQY,2
0f2,55f,ca12180e99b,J,X,202,2025,23SORVN1,6
5c5,3e3,7d12328d1de,J,X,201,2021,4VD2J089,-2
f41,d99,cd096db046f,N,X,201,2021,LKFXJRJ1,4
d93,920,18214e759fb,J,X,202,2024,DRXMMUEA,5
b45,317,89c54046b93,J,X,202,2029,T9SU0DKA,7
30b,e15,15f0620a052,J,X,202,2023,X80KN2LJ,-8
617,a9b,24051de8c4e,J,X,202,2022,EHOKY1QV,2
6f8,136,111cb4151a8,N,X,202,2022,8PVGUSJE,-1
05d,216,c8ab42b74b0,N,X,201,2019,7LPY47ZS,2
ac1,3a2,14ab5871e3b,N,X,201,2021,K784N82E,-1
35e,961,9c23ad78ff1,N,X,202,2024,W85UHJ10,2
015,d54,dbd9b0d9e27,J,X,202,2019,FSCCFRLF,14
05d,298,c8ab42b74b0,N,X,202,2022,7LPY47ZS,1
325,efb,61b3fd126d4,N,X,202,2021,TP70RXRD,3
d36,a77,f1ab433d32d,N,X,202,2020,KSUL8VAC,0
2ea,f5a,ca8db1868c3,N,X,202,2016,YQGIS4PK,6
ec4,9d6,3ffb72e5cfa,J,X,202,2024,ADIMVHHE,7
b54,ac3,7aaa3489cc2,J,X,202,2021,YYCYCXKN,4
b42,3c9,18c63b920ba,J,X,202,2025,RPWJ9ZBB,3
783,f8c,23a8ae92ce8,N,X,202,2022,U4W07GL4,5
32a,870,51447d91e84,N,X,202,2018,BTLIMRST,4
8e9,941,c7e40f294a4,J,X,202,2019,R8KL20LO,3
762,11c,b46ab3ceba0,J,X,202,2018,F4ATQZU5,-2
31d,bd6,fe76f1d56c9,J,X,202,2018,1SEMM1MN,9
015,d22,423985cf928,N,X,201,2027,FSCCFRLF,-6
112,79e,585cc202207,J,X,202,2021,PM676IH0,1
6fa,1c3,d4f0195c05d,J,X,202,2015,3AH5IWV9,8
a81,2d7,89ea5d151bf,N,X,202,2028,ZX4LR9Y0,3
dcf,68c,3f48e4cfac3,N,X,202,2018,0LK3XXK7,5
70f,b94,9fb0b8a2fde,N,X,202,2019,V6WP716K,3
0f2,78a,68ef54e28c8,N,X,202,2026,U8708L5E,3
186,02b,ccb0f55e5ee,J,L,202,2016,F76GRATX,1
39c,e08,048fb1f6ba7,N,X,202,2019,23K3L0KZ,3
f99,42a,8d970b2924f,N,X,202,2018,GAJTZYSF,3
f96,021,70dacc61ebf,N,X,202,2024,ER2VYDRG,3
14b,c6a,c7c17983342,N,X,201,2024,3GZSZD3Y,4
d41,678,7008a170d6b,N,X,202,2022,BHQYLJZ5,8
9e9,d0c,23bce697134,J,X,202,2023,SGJGTKF2,3
1f3,279,96a5e70835b,N,X,202,2020,1NGZK5XK,6
fbd,03f,245a6669551,J,X,202,2014,DHNGV862,3
c41,c22,9cd408445a3,J,X,202,2019,WK7RF2OT,-6
426,cd4,fbf966f033c,J,X,202,2026,PPFS0KDW,3
2ea,f9a,ca8db1868c3,N,X,202,2024,YQGIS4PK,2
f73,41f,30d11c45793,J,X,202,2026,OIBV5IQ9,-1
1f3,e41,96a5e70835b,J,X,202,2032,1NGZK5XK,3
353,235,9aadf9f698f,J,X,202,2021,GEQKJ3TY,2
79a,ba4,a466105f473,J,X,202,2023,FYB2Q99T,10
4e1,a0d,12d2f15a25c,J,X,202,2022,1PU0ZAXM,8
ac6,36e,bafc8e7b9c2,J,X,202,2022,EL9SEC37,4
80c,2bb,fd593fb9e39,J,X,202,2023,UMYHXF1W,-2
ecc,9cd,46ebb413d15,N,X,202,2019,I7NT5KJP,3
12f,c24,39746e18330,J,X,202,2020,DO41JRL9,9
476,1e1,7e09d8609db,J,X,202,2022,P74SI6SP,3
0a7,c85,eb3415a7f29,N,X,202,2024,YG99OB7O,6
b50,c83,873718e00c3,J,X,202,2024,Z5JU2KLX,4
a40,a48,63a9ceb1fc6,J,X,202,2023,1UIJNX6B,6
42b,659,ee9f11c05d0,J,X,202,2024,4JR0COY4,4
d85,44b,7797c6bd5c0,J,X,202,2021,T7JTS1KA,-3
ac1,306,1074ff780ee,J,X,201,2033,K784N82E,2
a30,953,d3eccf767eb,J,X,202,2017,30JU7GA0,3
cf8,81e,d0347ce30e5,N,X,202,2020,UO8LZXGV,2
d0c,d3c,e5d9e5e4f8c,J,X,202,2022,TEVFHUIR,7
79e,1f9,f3a0aacb1c8,J,X,202,2018,90JYYWYP,4
744,3a1,4afc0f229e0,J,X,202,2013,KIIQGQCC,3
ce1,1a7,470c3d61e14,N,X,202,2022,HAQQ2T4M,0
cad,2a3,54ca25aa3b7,J,X,201,2023,UQE2DKYH,4
5d1,a9d,81b6d03b680,J,X,202,2021,J025VHPV,8
f2d,8f4,2060bf5a8f6,J,X,201,2026,DNQZDY0Q,-2
174,a03,dc290358d26,N,X,201,2018,LX2HTGM1,4
189,e4b,152c2081537,N,R,202,2017,7U3WJ713,4
e6b,d2d,6d2e434f7f9,N,X,202,2018,6I645OR9,4
351,f8e,c1e8ddcf1fd,N,X,202,2022,Z0ZI5KXQ,1
5c9,b34,b9b0a3dd565,N,X,202,2022,V2OSLFDZ,1
ec7,620,90b8e2ea157,N,X,202,2020,CNDUDQ55,6
411,a86,9235cfe58fd,J,X,202,2022,L8XERTJW,3
464,919,0d26475d80e,J,X,202,2020,4YSOS4DX,-1
757,f99,4a1b80b9b0e,N,X,202,2028,CVHKH50D,3
4f5,b7a,8f1dbc2c94c,N,X,202,2019,3J96UWUH,1
5ac,82b,6822a3e7629,N,X,202,2020,XYM0BDO1,3
205,646,92b132ff67d,J,X,202,2025,WJDC4GLU,2
e3a,e48,0c0cc12eb0d,N,X,202,2025,NB3IYOGW,4
f95,e23,c54497fe74b,J,R,202,2020,PV8ZW8Z1,1
174,4a1,dc290358d26,N,X,202,2021,LX2HTGM1,0
492,25e,43d69c86559,J,X,202,2024,RI8F7NW4,7
eb3,335,3eed599f1ca,N,X,202,2025,2YET00QP,5
fab,c95,723d8c71301,J,X,202,2020,T0GEQEHM,6
817,1a1,93dbaff9133,J,X,201,2024,WQTKTGLS,2
339,fd5,2607c0bae8d,N,X,202,2027,D3NWEBL7,6
50f,972,11d866a0a73,J,X,202,2019,QIA2JNKX,-2
034,339,f4d2dc6387e,N,X,202,2019,2QCX98BV,1
93c,ec4,8635d3c8728,J,X,202,2021,RD73V0R8,3
a3b,110,3cb45d9f701,N,X,202,2022,425DWFBI,2
c51,f3f,d28f2eaf7da,J,X,202,2024,GUPX6GFZ,1
400,cc6,3c50c7157e7,N,X,202,2024,K3WSIJP4,-2
aaf,342,afec2663b42,N,X,202,2024,DCADG7RD,1
a40,6d5,63a9ceb1fc6,N,X,202,2017,1UIJNX6B,3
a95,341,7c08d51708a,N,X,202,2020,NLK7DOYZ,3
7c0,35e,99f47aebbc3,N,X,202,2019,WNH985UF,3
dc7,c6b,2dcf339c72b,N,X,202,2024,5QD60OC7,2
4e3,8dc,ec2ace0bbfe,N,X,202,2024,M30NK0YS,3
3d5,719,051d629da70,N,X,201,2024,55E5S7PI,1
922,d87,bdbf588872e,N,X,202,2023,GCE1203L,-8
93a,f12,bad74c20baf,N,X,202,2023,O0S7ETAK,4
cf6,694,e484070ff70,J,X,201,2029,K3B60Y0R,2
be8,f5a,13c44aa1201,J,X,202,2017,UT060VAB,2
c85,fef,de88fd44c72,N,X,202,2028,BCDC7Z3F,-2
617,de3,fc01272484f,J,X,202,2022,EHOKY1QV,2
05d,30f,c8ab42b74b0,J,X,202,2029,7LPY47ZS,3
cab,328,847d3cd2970,N,X,202,2021,VGMZWMJ6,2
d0a,148,bb43abc7a5e,J,X,202,2015,37PBL67V,-1
0a7,b2a,bf7aac219d8,N,X,202,2022,YG99OB7O,3
7be,596,80b406d74b8,N,X,202,2021,QD5EK6P7,1
6f9,794,b908f8b1fe3,N,X,202,2026,S6R9RCET,2
81e,95b,abd5aed3944,J,X,202,2018,YBOVQDPY,0
5da,9b5,c7313fb98ae,N,X,202,2021,6VJT9S86,5
25a,471,a1e87a6d922,N,X,202,2020,IJFGKI1I,1
a8d,ccd,c7cd2378cd9,N,X,202,2023,BFJXWCUH,2
6ca,57f,631969117d9,J,X,201,2023,9NLUVQKY,0
2ea,be5,659de5dad37,J,X,202,2024,SKM30XG8,0
4e3,7c0,401acafd363,J,X,201,2021,M30NK0YS,2
85d,b1b,a6084ec2c30,J,X,202,2022,KWZSGY4E,5
18e,9d7,f9f725bafad,N,X,202,2024,FDYJ3R2L,2
174,375,dc290358d26,J,X,202,2018,LX2HTGM1,10
135,34b,0b3158913b8,J,X,202,2026,ILW5K7UR,0
039,b3e,38ffb961a37,N,X,202,2020,IC2JNBGA,2
1a3,537,4aa3db23763,N,X,202,2021,2NQJ9PY8,5
b76,6ee,e17c134c67a,N,X,202,2022,OCIYIA31,5
2f9,159,d0fd781131b,J,X,202,2025,0FNGX23O,2
026,93b,0f9161e1ad2,J,X,202,2023,MSQLIV8U,5
37e,10c,eec1bae1b56,J,R,202,2023,X7TJON99,5
a30,72b,57896a7c137,J,X,202,2026,30JU7GA0,4
2ef,d7f,16811677793,N,X,202,2023,X7L15UWD,2
e61,510,8f3b0fcba4f,J,X,202,2014,7XZ700QZ,3
36b,189,dab67c751b8,J,X,202,2024,HAQ4VPKZ,6
17e,db6,d434af3aa16,J,X,202,2018,NE083K9W,7
d0c,0ce,e5d9e5e4f8c,J,X,202,2028,TEVFHUIR,2
a8d,a39,c7cd2378cd9,J,X,201,2026,BFJXWCUH,6
8f0,fc6,368ff55c948,N,X,202,2023,S25ZI84G,5
540,398,9bbc5b5e50c,J,X,201,2019,YTC33NEY,3
dba,3ad,95f0b32b7fd,J,X,202,2017,S3Y4ZCBY,3
d59,f92,4b84f01c48e,N,X,202,2023,RE5YJI3D,4
79a,a70,a466105f473,J,X,202,2016,FYB2Q99T,2
50e,084,4e35059c937,N,X,202,2017,T6VLDGOH,1
c55,b1f,24a761c34cc,J,X,202,2022,CWC6ZH6A,3
a40,a6f,63a9ceb1fc6,N,X,202,2021,1UIJNX6B,3
a6a,74b,2642b841b2a,J,X,201,2022,82854HSP,3
6fa,777,d4f0195c05d,N,X,202,2020,3AH5IWV9,5
f7b,166,db930858d4a,N,X,202,2022,2HAWBO0S,2
ce1,df1,97e087202fa,N,X,202,2019,HAQQ2T4M,9
809,f4d,788d52b3db0,J,X,201,2022,0CI9NF3H,4
0a1,083,8888c9d9e77,N,X,202,2023,MNXJYRAO,1
3a9,e01,9b159961759,J,X,202,2017,KJ8GWBP6,4
69a,52a,1d6bbb7c8db,J,B,201,2022,1V6IPAD5,4
3f7,8f8,0bda83c0dd1,N,X,201,2022,FLYK3XEU,-3
f99,592,1bb8ad02b8e,N,X,202,2022,GAJTZYSF,3
1a3,2e3,97d5ee11f36,N,X,202,2023,2NQJ9PY8,-3
5e5,2fe,bb33be75e3c,J,X,202,2016,WCWOPTU2,4
906,592,e7ebb73c535,J,X,201,2023,ARTVM6ZX,6
c48,87b,110000777d6,N,X,202,2023,ZWGNM6VG,5
50f,401,11d866a0a73,J,X,201,2023,QIA2JNKX,9
4f4,b6a,fc182dc2ee6,J,R,202,2023,XHF9O2GE,0
ac3,22a,5460d77ace7,N,X,202,2016,AC4LAW9Z,3
5d8,941,0b2f738eec7,N,X,202,2021,ZF719I4W,1
2f9,32d,d0fd781131b,N,X,202,2023,0FNGX23O,-4
762,ad4,b46ab3ceba0,J,X,202,2018,F4ATQZU5,6
acb,502,d98ccb23dd4,J,X,202,2022,5ONG1FF3,0
a33,897,583a9b4ec31,J,X,202,2022,BR4MEVCG,3
92b,869,039b728f9b6,J,L,202,2022,0S5ZLIRT,-1
04c,a48,60bfc3c2560,J,X,202,2023,1XYGAUDZ,2
ce1,c9a,470c3d61e14,N,X,201,2022,HAQQ2T4M,7
dba,0fa,a4d9e3d2ccf,N,X,202,2016,S3Y4ZCBY,3
5e9,f06,e84ac916189,N,X,202,2020,DA1U44NX,3
f95,c4a,6028e10bfa7,N,X,201,2016,PV8ZW8Z1,3
e9b,f4f,5d8468bcb2c,N,X,201,2022,JGEULBVL,1
7ce,ec4,f276c00bffb,J,X,202,2025,9JXMP63A,4
464,f05,6e9e67acac3,N,X,202,2017,4YSOS4DX,-2
934,703,430b1e09edf,N,X,202,2019,MHLCQ3OY,0
2b9,cf1,5da19699fd6,N,X,202,2018,EREXNPLK,3
a6a,537,2642b841b2a,J,X,202,2017,82854HSP,3
8db,071,d177f52ade2,N,X,202,2021,UJAJI448,3
b42,7bb,c79621b3182,N,X,202,2020,RPWJ9ZBB,3
444,b9e,635f761c8d6,J,X,202,2022,WL7V64CS,3
0a7,095,eb3415a7f29,J,X,202,2024,YG99OB7O,0
a8d,930,c7cd2378cd9,N,X,201,2021,BFJXWCUH,2
526,818,201119bb3c1,J,X,201,2022,FQ82JRAD,5
ae1,f97,e449bf34cdc,N,X,202,2030,UQKBFXEU,3
4f5,c07,8f1dbc2c94c,N,X,202,2022,3J96UWUH,5
225,c0e,6761d88ca57,N,X,202,2024,MZNZ81UX,1
72a,324,c757a6fa1fb,N,X,202,2023,HCU5ZJKF,-9
4ce,0c0,021e70d0f33,J,X,201,2022,BXN6IWIR,6
954,d4b,eca94732324,N,L,202,2022,3U1QVVR1,0
e5f,5bf,7d17dcdd61c,N,X,202,2020,QLTZKBUL,10
51d,a3f,041b7b2da92,N,X,202,2024,E9VB142B,8
237,aa3,1823c3eb663,J,X,202,2021,AU8WIE6M,5
b6c,66d,b761f6be680,J,X,202,2025,9HFPQC6R,4
651,bfb,7ecf73d6ab6,J,X,202,2028,574T4B9D,3
32a,b37,51447d91e84,J,X,202,2019,BTLIMRST,0
922,7fa,bdbf588872e,J,X,202,2023,GCE1203L,2
680,739,6094956f052,J,X,202,2023,F98B98XD,3
3f7,60c,0bda83c0dd1,J,X,201,2025,FLYK3XEU,-1
680,0e5,6e15870728b,N,L,201,2027,F98B98XD,2
a56,987,a8e61a1c75e,J,X,202,2021,E1YLMWKL,0
aa9,287,a01c0998963,J,X,202,2020,83OZ7XFV,-8
3d5,df3,a37f9b903eb,J,X,202,2024,55E5S7PI,6
9a9,b77,76ee46226d9,N,X,202,2025,WKJSDYVO,-4
d4c,4ba,529cbf5adf8,N,X,202,2018,DDR5ZD5L,1
212,155,86527720b80,J,X,202,2023,KFV7AK2P,6
d25,80e,cd5a1b969e5,N,X,202,2022,KX3B36OP,4
83b,06d,69a33489a9c,J,X,202,2020,IAMJDCF7,2
7c7,510,f6a4d780f12,N,X,201,2027,W8SE2X14,2
ac0,8bf,67be0e8b1f0,N,X,202,2020,CTYFWPBF,1
d4b,f15,35911a24506,J,X,202,2023,OTCAJVXK,1
998,2d8,3c64e4c3efd,J,X,202,2022,HF63TKGG,5
b47,1ab,d0c3409bda2,N,X,202,2026,D3PV1ZIP,4
4e0,933,0c9b911d479,J,X,201,2024,UX096WH9,-2
b6c,a4e,b761f6be680,J,X,202,2023,9HFPQC6R,2
6f8,a75,111cb4151a8,N,X,202,2023,8PVGUSJE,3
c8b,c4e,a4838c46db6,N,X,202,2022,CB855VQ1,-4
4f4,d59,ed08aa7447c,N,X,201,2022,XHF9O2GE,3
971,979,82c68b06daf,N,X,202,2016,94GZBAJH,2
5b7,d6b,f6efd308da2,J,X,202,2024,NYKH7W2Q,1
ecc,43a,46ebb413d15,J,X,202,2021,I7NT5KJP,0
55a,844,1c10591dfd3,J,X,202,2021,NVL02RPO,4
989,14b,934a917738c,N,X,202,2025,3WB5AIWF,4
312,860,39cac60e78b,N,X,201,2022,PPVGV9P1,-1
dab,208,18b7e1789ab,N,X,202,2019,8YH4A8ZE,3
dcf,75a,3f48e4cfac3,J,X,202,2021,0LK3XXK7,2
0f9,b9d,09f70700cd0,J,X,202,2022,7FUO3JL4,6
cf6,a95,e484070ff70,J,X,202,2019,K3B60Y0R,6
9ad,e5a,aca75fd165e,N,X,202,2025,OOOYATPL,3
a30,daf,e2e3be464b4,N,X,202,2020,30JU7GA0,2
8e6,755,876724138d2,J,X,202,2019,0CQF1MSN,2
879,16e,ac611a99c8d,J,X,202,2018,4L06Z0FL,13
92a,fb1,fc8708e5a33,J,X,202,2022,QG66D7RQ,3
4f5,d6e,8f1dbc2c94c,J,X,202,2020,3J96UWUH,5
ea8,ad8,7a06ce563c7,N,X,202,2021,VSN5JPI3,2
ac7,e04,c3523e5464b,J,X,202,2023,6LZJGMOG,5
36f,1b4,16ab3610132,J,X,202,2020,E8ZYB0AS,3
63c,fb7,a7505119dcf,N,X,202,2019,A1UVE5C4,1
0a1,074,cfa075eafe6,N,X,202,2025,MNXJYRAO,6
504,08e,a7626a49172,N,X,202,2024,OZGMNS5P,4
13b,280,28586cea05a,J,X,202,2024,FAB9SVKL,5
cba,397,95523d4c981,J,X,202,2022,S2W4W3BX,5
bea,5fc,c6c5c5c2c05,J,X,201,2020,ICQW7RG2,1
744,364,a1d5b3c8dd5,N,R,202,2023,KIIQGQCC,-1
e81,bdf,3d3ed106925,N,X,202,2018,UMWJK578,4
62c,ce3,ba47a188e15,N,X,202,2018,FADXH3KV,3
ea0,f63,731dc72236d,J,X,202,2024,0FBOJVIU,3
c85,c79,de88fd44c72,J,X,201,2024,BCDC7Z3F,1
2b9,1b6,476eda14cca,N,X,202,2022,EREXNPLK,8
a8a,98a,8da72994f05,N,X,201,2023,Y49QOVD4,3
5d1,ac7,7d66137e1ab,N,X,202,2028,SJXF9MQP,4
19b,a30,41f1aee610d,N,X,202,2022,X8UJUJFD,2
28a,1de,7a0966adf29,J,X,202,2017,SV0U8UD2,3
4fc,5b0,ba75f281b83,N,X,202,2020,H0F1TIKG,4
17f,1bc,bf80e15c886,J,X,202,2025,OU8J0N70,3
464,2fc,baac8718f42,J,X,202,2020,4YSOS4DX,3
041,09c,2e9e6c4a8ec,N,X,202,2015,J9MV39HT,3
5f7,7ac,a7debc421b7,N,X,202,2019,BF5X7A4D,3
cf6,209,e365f2db28b,N,X,202,2023,K3B60Y0R,4
5b5,983,d937fbb4b73,J,R,202,2021,H7VYYYW3,4
537,403,cfe403a2dfa,J,X,202,2021,7YCQNPYE,4
a30,b69,e070c18f9a3,N,X,201,2022,30JU7GA0,6
a30,2e2,e2e3be464b4,J,X,202,2021,30JU7GA0,2
989,a2e,8844101e437,J,X,202,2012,3WB5AIWF,3
54b,5f4,8c370ad8795,N,X,202,2021,W3NJ10UG,1
7c6,dab,aa794e73407,J,X,202,2022,5VW57BVJ,4
dd1,e79,9251c6a9f16,N,X,202,2023,3A3FMHTJ,3
df0,4a9,3c97ccf9df5,N,X,201,2022,TE5E5Z69,4
79e,917,f3a0aacb1c8,J,X,202,2020,90JYYWYP,6
c3e,a25,38315030355,J,X,202,2021,PW332LCU,3
6ca,520,631969117d9,N,R,202,2022,9NLUVQKY,5
65b,d51,3e59732ac2a,N,X,202,2018,QDKKWNN6,5
76f,48f,e8c449ba820,J,X,201,2023,U61FG1WG,1
cca,f24,8cbf9d635ab,J,X,201,2021,VDKDDIJJ,4
76b,0bb,c30c3e2cb7d,N,X,202,2016,FMJ43Y7F,3
74b,f0a,a4d7e75386c,N,X,202,2025,FAZ52PFJ,0
93a,356,bad74c20baf,N,X,202,2026,O0S7ETAK,5
32a,021,7ef56ae0227,N,X,202,2023,BTLIMRST,4
04c,63e,1c6e5944fcf,N,X,201,2029,1XYGAUDZ,3
312,6b9,39cac60e78b,N,X,202,2022,PPVGV9P1,-2
3a9,41c,9b159961759,J,X,202,2020,KJ8GWBP6,2
26c,659,96d2f03600c,N,X,202,2020,B7MKQDI8,3
7c0,ef1,99f47aebbc3,J,X,202,2019,WNH985UF,1
6a8,63e,4e3ef8399df,J,X,202,2021,VEX8RTVQ,2
4e0,09e,0c9b911d479,J,X,202,2019,UX096WH9,-2
5b3,f08,3cea68d4051,N,X,202,2016,DJKLYFQS,3
cad,0cc,54ca25aa3b7,N,X,202,2023,UQE2DKYH,5
dea,8d8,9d4be7c4558,J,X,202,2026,0PM3N3NG,4
b54,c5a,7aaa3489cc2,J,X,202,2024,YYCYCXKN,2
b47,78a,942ca3d95bd,N,X,202,2022,T32K3JB3,0
4cb,6bb,98fd27300bd,N,X,202,2022,OB89O0UP,1
025,2e1,16f43f15ce7,N,X,202,2013,Q379Q42G,0
89b,a01,51cfaa8c471,N,X,202,2021,JGKRM89B,7
5b7,c06,f6efd308da2,J,X,202,2021,NYKH7W2Q,7
92b,175,4033789d557,N,X,202,2024,0S5ZLIRT,8
011,53d,c0381efa3e5,N,X,202,2022,O0765XU6,5
012,536,09978ca066b,J,X,201,2019,JZ0V3156,5
c54,b28,1be172e45d6,J,X,202,2024,U5JWWUHZ,2
015,4bd,423985cf928,J,X,202,2019,FSCCFRLF,5
f30,379,973075a9fdb,J,X,202,2024,6CI6Z1T7,5
ecc,459,58ea7084deb,N,X,202,2020,I7NT5KJP,4
acb,34a,d5bdeb88b76,N,X,202,2020,LAQDXVJT,6
faf,134,0e4d4c1f138,N,X,201,2018,WZ5ZD06N,-1
f83,942,06dae08ad2f,N,X,202,2022,VNA2PQ5R,2
ae1,d1e,e449bf34cdc,J,X,201,2024,UQKBFXEU,-3
60a,3d7,0b8c1f5f944,N,X,202,2023,TVPTJXX7,1
66a,c91,a59760cb10b,J,X,202,2021,O3XB7ZEY,2
e22,2ec,103cd48dcf4,N,X,202,2024,EUT2YYYX,5
4d2,6de,6a9c44f7237,N,X,202,2020,3BT224CP,6
61f,4b4,531951493fe,N,X,202,2020,QD0N6Z5K,2
c76,69e,ae12637ab18,J,X,202,2018,OEQ3MV92,2
5d1,260,4014f6331ec,N,X,202,2022,J025VHPV,3
c8b,ef1,a4838c46db6,N,X,201,2023,CB855VQ1,2
e3a,afb,0c0cc12eb0d,N,X,202,2022,NB3IYOGW,0
b47,07d,a35f08f7f3b,N,X,201,2020,D3PV1ZIP,2
342,62f,13af734f94a,N,X,202,2024,XOI8XSGJ,4
a81,e2c,89ea5d151bf,N,X,202,2023,ZX4LR9Y0,3
b1b,9a8,f1e96436ac5,N,X,202,2020,QRXJS4SU,4
e9d,9b4,2344f542bfc,J,X,202,2017,H6469C2T,3
540,af8,129ecc82e10,J,X,202,2023,YTC33NEY,-2
76b,e14,8f608e8252a,N,X,202,2022,FMJ43Y7F,4
06e,ba3,b06fd176f34,J,X,202,2021,2RP9G1QY,3
a99,0dd,ced5af0f2f3,N,X,202,2024,NW0MT6LW,7
7df,897,63e6658bc01,N,X,202,2017,JN4R0UFQ,3
2dc,601,1b91a2faabe,J,X,202,2026,O53GG70Y,5
135,da1,0b3158913b8,J,X,202,2023,ILW5K7UR,3
e10,693,b0b9be8fdee,N,X,201,2021,MPLTLAH0,2
c77,26a,aa9e3bb838e,N,X,201,2021,39AIZKHF,1
e6b,46b,39ac875f319,J,X,202,2020,6I645OR9,-3
a86,46a,954aaebc69f,N,X,202,2019,9WI4J3NR,3
e69,6ad,caf8a98ceae,N,X,201,2023,UKFGYWBD,0
1a3,6ea,4aa3db23763,J,B,201,2024,2NQJ9PY8,3
2bb,33b,548c9aa5e8c,J,X,202,2021,QAY3G1NY,7
f4b,0f0,160f4c4e80f,N,X,201,2023,8JX7LZ5R,3
879,891,ac611a99c8d,J,X,202,2028,4L06Z0FL,-1
ea8,360,7a06ce563c7,N,X,202,2022,VSN5JPI3,3
9d7,1af,ec7349e12aa,N,L,202,2019,V23ZI5V7,7
802,0ae,a87d545156a,N,X,202,2023,0N1WBRQW,2
5ac,3a4,3ba1c4e270f,J,X,202,2016,XYM0BDO1,3
921,cf3,37be4ce93a6,J,X,202,2022,5SANO12R,1
74b,d42,a4d7e75386c,J,X,201,2018,FAZ52PFJ,2
336,94f,22a097ac00a,J,X,202,2022,EACTHQAQ,15
d45,627,011d8699a12,N,X,202,2024,YMOWAXQR,9
351,d8a,a8f067b7645,N,X,201,2020,Z0ZI5KXQ,3
44c,85f,74539e6c0e1,N,X,202,2021,VJPVW980,2
faf,49d,a250ab42318,N,X,202,2023,WZ5ZD06N,1
205,b9f,92b132ff67d,N,X,202,2019,WJDC4GLU,1
7ef,2b5,b139a1d88ed,J,X,201,2019,0VWI7H5Z,3
58d,7da,a09140ced34,J,X,201,2024,13LHLZJ7,4
342,d9e,13af734f94a,N,X,201,2023,XOI8XSGJ,3
582,928,51c5cd25a9b,N,X,202,2024,L9OOWF3H,2
4e3,2e9,ec2ace0bbfe,J,X,202,2018,M30NK0YS,2
817,5a4,93dbaff9133,J,X,202,2028,WQTKTGLS,5
ae1,7ea,094a9304f61,J,X,202,2022,UQKBFXEU,3
3bf,1ea,131c7ba0c9d,J,X,202,2018,H40450QE,3
3da,fab,235c1e8fe8f,N,X,202,2023,CCSZIWZD,3
c51,2e5,a0543661567,N,X,202,2022,GUPX6GFZ,2
5f7,3ef,bf99752d0b8,J,X,202,2023,PQPDQF5H,5
464,6a0,0d26475d80e,J,X,202,2029,4YSOS4DX,3
e6b,6ec,39ac875f319,J,X,202,2019,6I645OR9,4
685,a91,f7d93974802,J,X,201,2021,ZWLSY52J,3
5f7,67e,a7debc421b7,N,X,201,2020,BF5X7A4D,3
e3a,0c1,0c0cc12eb0d,J,X,202,2024,NB3IYOGW,4
832,1c2,6be7cd42629,N,X,202,2022,907KGGH8,-1
40c,df3,a97c8023928,J,X,202,2023,HVX1URLS,-1
e0e,1cf,090300db4d2,N,X,202,2019,6C8IJ9QS,3
ce1,ae2,5874850f3c8,J,X,202,2018,F4HE46H4,1
32a,ea6,7ef56ae0227,N,X,202,2020,BTLIMRST,3
1fb,06d,f3f4280b91f,N,X,202,2023,YSBKM16A,6
e91,34c,aaf0fc72003,J,X,201,2022,61SXT31H,1
f7b,7e7,db930858d4a,J,X,202,2020,2HAWBO0S,1
ed4,c7b,b2a9c15fad5,N,X,202,2021,19SKKNAB,3
174,35b,dc290358d26,J,X,202,2018,LX2HTGM1,2
101,969,ea2ddea139a,N,X,202,2021,4J8O43JO,3
680,dc8,6094956f052,J,X,202,2021,F98B98XD,7
a95,abf,d1d5ef8beb5,N,X,202,2021,NLK7DOYZ,0
ee3,c0b,b55c25f81c4,N,X,202,2027,4H0BDI1V,4
e43,835,43ddf8a2957,N,X,202,2016,GXR5J26X,0
906,41d,74405799f4f,J,R,202,2022,YLJ1HBTN,-1
526,ea5,2918100115e,J,X,202,2018,FQ82JRAD,2
76f,cca,e8c449ba820,J,X,202,2022,U61FG1WG,2
787,8ae,e062cb8696c,N,B,202,2021,9HZXX1NZ,3
e61,1c0,961717931bf,N,X,202,2019,7XZ700QZ,3
ef6,54e,0da42e6f571,N,X,201,2025,G70W42E6,2
360,fd2,bf97eef5bed,J,X,202,2023,Y8HGCID8,-1
158,9a9,84969c24c09,J,X,202,2021,5S7GH52K,2
859,e89,5a5958b9204,N,X,202,2024,QOEA9SX3,6
59d,09b,b7aef5340aa,N,X,202,2024,IOLUC4XC,5
685,13a,f7d93974802,N,X,202,2021,ZWLSY52J,5
93a,f2a,e67005d446e,J,X,201,2025,O0S7ETAK,3
ac6,3c1,bafc8e7b9c2,N,X,202,2024,EL9SEC37,3
75b,276,b15affa25c2,N,X,202,2030,RDKNE9AJ,6
bbd,a14,687e040646c,N,X,202,2024,1WMTHPLC,6
39c,206,048fb1f6ba7,J,X,202,2020,23K3L0KZ,6
2b9,8f3,476eda14cca,J,X,202,2021,EREXNPLK,10
ee4,dea,7920bfeb65f,N,X,202,2022,HPO2JXF1,6
e4d,dc6,f49a78d41e1,N,X,202,2023,IQCNP65W,1
0af,473,8ca43e1522f,N,X,201,2024,9774K3PQ,2
e61,fd7,961717931bf,J,X,202,2022,7XZ700QZ,7
582,c94,51c5cd25a9b,N,X,202,2021,L9OOWF3H,4
e46,b69,6799e089ab4,J,X,202,2019,QNDXPREM,5
b1b,97d,06f9e7a1556,N,X,202,2020,QRXJS4SU,6
d45,a8e,f0d510aaa81,J,X,202,2025,YMOWAXQR,8
be8,237,13c44aa1201,N,X,202,2020,UT060VAB,6
e22,6fd,73f55744494,N,X,202,2019,EUT2YYYX,4
2e8,6ee,f74451a8774,N,X,202,2025,Q2JSNTXU,3
ee3,b91,b55c25f81c4,N,X,202,2020,4H0BDI1V,2
934,52d,9db407773f5,J,X,202,2027,MHLCQ3OY,1
832,01a,6be7cd42629,N,X,202,2024,907KGGH8,4
e81,d1d,3770c6d2899,N,X,202,2020,UMWJK578,4
ec7,a6b,90b8e2ea157,J,X,202,2022,CNDUDQ55,9
9d4,da3,a40d3f7bcd7,N,X,202,2022,A1H51LI3,2
d2d,c7c,6f71f5ba5a9,N,X,202,2023,83AQ6GG9,7
39c,7ca,58dfe9023ee,N,X,202,2022,C07KORVX,3
610,822,3afb1e83201,J,X,202,2023,JQTXXY0Y,4
015,f98,423985cf928,J,X,202,2016,FSCCFRLF,3
4e3,cd3,401acafd363,N,X,202,2023,M30NK0YS,2
898,265,770fd5542e0,J,X,202,2026,FU4PW4MX,3
8dc,936,ed8be1d5c07,J,X,202,2022,GRLATR50,3
02f,466,e6dd8a674ec,J,X,201,2027,99FQ9YUU,3
e22,9b6,f1fc36987df,J,X,202,2023,EUT2YYYX,2
c64,ad6,15d0d07cdc0,J,X,202,2024,IZUC14CC,6
7c7,4fb,f6a4d780f12,J,X,202,2027,W8SE2X14,2
cca,210,aa77447bc83,J,X,202,2019,T5KZJ15R,7
5f7,eef,69ad3bb54fd,J,X,202,2018,BF5X7A4D,3
79e,d5c,f3a0aacb1c8,N,X,202,2024,90JYYWYP,5
0af,ba9,7f491be6753,J,X,202,2025,9774K3PQ,5
8e6,ac4,876724138d2,J,X,202,2017,0CQF1MSN,5
342,133,13af734f94a,J,X,201,2024,XOI8XSGJ,2
acb,e42,ca84606e071,J,X,202,2024,YJQ3FV3I,-2
1f3,07c,18e3db75912,J,X,202,2018,1NGZK5XK,2
df0,452,7ec7d007ab5,N,X,202,2020,TE5E5Z69,9
a30,ddd,e070c18f9a3,J,X,202,2022,30JU7GA0,3
2f9,792,e3ce252362b,N,X,202,2021,0FNGX23O,3
135,13f,0b3158913b8,N,X,202,2020,ILW5K7UR,0
e3d,498,91fbcbfb785,J,X,202,2019,EEGTGC8T,5
859,3e9,5a5958b9204,J,X,202,2023,QOEA9SX3,1
660,df9,229dc0eb342,N,X,202,2023,YACWSSPK,4
680,6d4,6094956f052,N,X,202,2022,F98B98XD,8
9b9,8bf,508ccca58a5,N,X,202,2019,4QH9O1D2,2
b50,c97,42c56bbb87d,N,X,202,2025,Z5JU2KLX,4
695,8fa,462dee3b774,J,X,202,2020,QA8EJGYA,4
307,b52,f53bc35655c,N,X,202,2025,NVZOA78R,5
494,5e0,6f7964283bc,N,X,202,2022,1XL3UH8B,4
971,329,82c68b06daf,J,X,202,2024,94GZBAJH,5
5d1,ae3,a3898f614df,N,X,202,2022,J025VHPV,3
011,01e,c0381efa3e5,J,X,202,2025,O0765XU6,3
f82,c74,8119ef3b731,J,X,201,2022,X01BKJ3C,1
0de,11f,f414421180b,J,X,202,2022,E8N6C97I,-6
443,b52,828ec027c3b,N,X,201,2026,BUVUOYK3,7
ce1,4ad,470c3d61e14,N,X,202,2022,HAQQ2T4M,0
f4d,1ec,f97f25e849d,J,X,202,2023,A8WU43O5,5
e10,a56,b27429cbc5c,N,X,202,2021,MPLTLAH0,5
034,fe7,ca02b3850e2,J,B,202,2020,2QCX98BV,5
ae6,b8e,1f23982df31,J,X,202,2024,M01ONTGY,3
cca,fc3,3bde9a2af2a,N,X,202,2018,T5KZJ15R,3
a24,2e4,80344edbf73,N,X,202,2022,W5OTCTO3,0
8be,5b9,f7e423d2dbc,J,X,202,2018,Y13XIHXY,5
f07,8b6,7bf50111529,N,X,202,2019,4QJEE8OU,3
b47,0a9,a35f08f7f3b,N,X,202,2022,D3PV1ZIP,4
832,161,6be7cd42629,J,X,202,2023,907KGGH8,3
19e,4c3,e18a1690b68,J,X,202,2022,ZVH9C9AS,1
8be,51e,9308ceec3cc,J,X,202,2024,DVMSDKYS,5
443,437,828ec027c3b,J,B,201,2015,BUVUOYK3,4
f83,c71,9608a071973,N,X,202,2021,VNA2PQ5R,2
913,902,bfb039182f6,N,X,201,2022,INYD3029,6
f73,83c,b3e9e88fba4,J,X,202,2018,L9EXAMFI,5
6ca,65a,019c6ebc330,J,X,202,2023,9NLUVQKY,4
aaf,2cd,afec2663b42,N,X,202,2023,DCADG7RD,3
2e8,015,f74451a8774,J,X,202,2021,Q2JSNTXU,4
ae3,33b,382592ffec3,J,X,202,2024,EL9GEKJK,0
2ea,75a,659de5dad37,J,X,202,2022,SKM30XG8,3
69a,5e3,1d6bbb7c8db,J,X,202,2021,1V6IPAD5,3
762,cd4,0a79ede33ef,J,X,201,2018,F4ATQZU5,5
04c,6e6,60bfc3c2560,J,X,201,2027,1XYGAUDZ,3
336,9da,edd4ea8c099,N,B,202,2022,DWVBVE38,9
df3,791,a33c4b813cd,J,X,202,2022,GKCI7GHP,3
ce0,488,556b5efa520,J,X,202,2025,SMSI36KC,4
47b,9ee,cb15d779b00,J,X,202,2025,GB17F603,5
7ce,0f2,b447fb471bd,J,X,202,2018,H9EQFZAU,4
d0a,3a6,392efabbe74,J,X,202,2022,37PBL67V,7
a56,b10,a8e61a1c75e,N,X,202,2021,E1YLMWKL,5
f83,1a0,9608a071973,J,X,202,2021,VNA2PQ5R,-1
d0a,461,bb43abc7a5e,N,X,202,2019,37PBL67V,4
55a,776,83a53ea252b,J,X,202,2021,NVL02RPO,4
ddf,046,9c09d9824d2,J,X,201,2024,6FXJZ0R5,3
e44,56f,332aa64f23d,J,X,202,2029,605VB67Q,-3
76b,30c,c30c3e2cb7d,J,X,201,2023,FMJ43Y7F,2
d41,2a3,7008a170d6b,J,X,201,2022,BHQYLJZ5,0
47b,b06,cb15d779b00,J,X,202,2012,GB17F603,6
a89,a1a,7da623eaefa,N,X,202,2025,VR18CH2C,5
504,8af,2b22559edb5,J,X,202,2026,OZGMNS5P,3
19b,6bf,41f1aee610d,J,X,201,2026,X8UJUJFD,3
cf6,513,e365f2db28b,N,X,202,2019,K3B60Y0R,10
c48,012,110000777d6,J,X,202,2023,ZWGNM6VG,0
8ab,d4f,47f9b3ecd9a,N,X,202,2022,IYDYRHSS,0
b47,1a5,afd4aa486df,N,X,202,2023,T32K3JB3,7
6c3,506,ddd555ebabe,J,X,201,2020,D2R48EFC,6
a25,6cd,0f3f14dae21,N,X,202,2020,3VGM1TB4,3
4e3,b2b,ad9222b2d71,J,X,202,2022,M30NK0YS,4
acb,af2,38c24670d30,N,X,202,2021,5ONG1FF3,9
54b,e99,918aa2bd433,J,X,202,2023,O7IRJ9OS,3
b54,bef,1acacf5b4d7,N,X,202,2022,YYCYCXKN,6
848,1fd,8cee128fba1,N,X,202,2019,EHYFADRF,-1
c96,1cf,6e7b3ebeab3,J,X,201,2018,SM9QL9HG,4
5f2,a13,dd451358787,N,X,202,2023,NQETV5H1,7
05d,2c6,3e913e42ed8,N,X,202,2019,7LPY47ZS,4
336,ebc,b357924fdc7,N,X,202,2021,DWVBVE38,2
5fb,9bd,1ac61b831f0,N,X,202,2028,CHD8KTAB,2
f4d,2e0,f97f25e849d,N,L,202,2020,A8WU43O5,4
d85,1cc,1a3499125ec,N,X,201,2020,T7JTS1KA,3
ae3,bf7,382592ffec3,N,X,202,2023,EL9GEKJK,0
d0a,9aa,bb43abc7a5e,J,X,202,2021,37PBL67V,2
62c,b73,f92797d7662,N,X,202,2024,FADXH3KV,7
13f,720,cf91f9a1ab1,J,X,202,2013,50M9IAKP,2
9aa,7e6,481fd824eda,J,X,202,2023,L6H6TMWJ,3
312,aa8,39cac60e78b,N,X,202,2020,PPVGV9P1,3
ae3,fd7,382592ffec3,N,X,202,2022,EL9GEKJK,7
40c,98d,4e8cfd2a061,N,X,201,2019,NFGB0O93,2
229,885,5eccefc36e6,J,X,202,2026,S6ZXOW4M,2
9fb,f79,f6f6cdeae96,J,X,202,2026,P9IXLN66,2
83b,eee,69a33489a9c,N,X,202,2021,IAMJDCF7,6
993,40c,0208264293e,N,X,202,2024,74R0HG4C,7
6bc,21e,5c769d02958,J,X,202,2022,6QH4WYXB,0
9fb,308,f6f6cdeae96,N,X,202,2025,P9IXLN66,4
6ac,46e,3071c686312,J,X,202,2022,7GLZU6TY,3
540,8e3,9bbc5b5e50c,N,X,201,2022,YTC33NEY,2
875,279,85ccbffacc6,J,X,202,2023,NKZ1YZL6,7
74a,d53,194bc4f914f,J,X,202,2022,18M3035D,7
dea,789,6868baa0257,N,X,202,2027,0PM3N3NG,5
339,ed3,2607c0bae8d,J,X,201,2024,D3NWEBL7,3
e69,3fa,65fa214edfc,J,X,202,2026,THUP3WAJ,2
a99,690,ced5af0f2f3,J,X,202,2021,NW0MT6LW,9
353,222,9aadf9f698f,J,X,202,2019,GEQKJ3TY,3
a8d,845,c7cd2378cd9,N,X,202,2020,BFJXWCUH,4
039,0e1,aba1604f843,J,X,201,2015,IC2JNBGA,5
476,326,7e09d8609db,J,X,201,2021,P74SI6SP,4
56e,ef1,2cbe86edc40,J,X,202,2018,6KZLB8BV,7
51d,91b,ef7a7585fb0,N,X,202,2021,E9VB142B,-1
845,660,dd469247ee5,J,X,202,2027,ETC1EMK7,4
1a3,1db,3c55ef0e7b8,N,X,202,2019,2NQJ9PY8,8
55a,911,fbf76822f8d,N,X,201,2023,NVL02RPO,3
72a,587,c757a6fa1fb,N,X,202,2023,HCU5ZJKF,5
7ff,fe8,c97de7f13a8,N,X,201,2022,Q8JZDB1B,5
e5f,a53,b34a333bbf4,J,X,202,2021,QLTZKBUL,-5
d45,b8e,f0d510aaa81,N,X,202,2020,YMOWAXQR,2
cf6,732,e365f2db28b,J,X,201,2023,K3B60Y0R,6
025,c32,16f43f15ce7,J,X,202,2024,Q379Q42G,4
17f,152,bf80e15c886,J,X,202,2025,OU8J0N70,9
f20,167,129055bf0b7,J,L,202,2017,5VLA5ZQ0,2
c3e,c05,fee39235c6f,J,X,201,2022,YOAVJ4Y2,0
724,2b0,2ec47e4a954,N,L,202,2017,DFOGFJZ1,4
f95,d4c,6028e10bfa7,J,X,201,2022,PV8ZW8Z1,-2
492,e52,26b02ac739d,J,X,202,2024,RI8F7NW4,4
a5b,7a4,6ded9d8994e,J,X,202,2026,L3M0891F,0
360,6fa,bf97eef5bed,N,X,202,2015,Y8HGCID8,3
17b,c11,d1fecb61d75,J,R,202,2022,SIS2Y8UV,2
034,2bb,ca02b3850e2,J,X,201,2020,2QCX98BV,4
9d7,deb,f25ed74c5e8,J,X,201,2021,V23ZI5V7,3
d35,6f7,5576dfa81e8,J,X,202,2021,HH8S83M5,4
6a8,b11,df0d28d11f4,J,X,202,2020,VEX8RTVQ,8
a61,354,8bbf37c578b,J,X,202,2024,TFRQUBZ6,5
69a,ea9,1d6bbb7c8db,N,X,202,2023,1V6IPAD5,2
55a,4b2,8aa5d55b880,N,X,202,2025,NVL02RPO,3
f07,a4a,4b79882d7a8,J,X,202,2026,4QJEE8OU,3
a6a,e75,2642b841b2a,J,B,202,2012,82854HSP,2
034,9d6,ca02b3850e2,J,X,202,2022,2QCX98BV,7
922,9ae,bdbf588872e,N,X,202,2020,GCE1203L,3
e29,22c,ea3a0eafbcc,J,X,202,2023,IADGA7YO,4
cca,d0a,7b3f163d200,N,X,202,2021,T5KZJ15R,6
e9b,fc5,716c245c2cc,N,X,202,2021,JGEULBVL,2
cba,50c,95523d4c981,J,L,202,2020,S2W4W3BX,5
b1b,386,c3e050eed50,N,X,202,2019,QRXJS4SU,3
bc9,8f4,927609c1d40,N,X,202,2024,TS4EJYDV,1
acb,2fc,ca84606e071,J,X,202,2022,YJQ3FV3I,5
565,806,6aae71df134,N,X,202,2026,QONX07Q6,4
94b,b06,5c261d3b795,J,X,202,2023,59GXG5BC,4
59d,ff2,3ae3df22dab,N,X,202,2023,IOLUC4XC,1
e3a,3b4,03ee05c7d16,J,X,202,2018,NB3IYOGW,-1
3f6,6bd,721b6dfc094,J,X,202,2025,2SBVEP9E,2
e5f,892,b34a333bbf4,N,X,202,2020,QLTZKBUL,6
78a,835,282229903ae,N,X,202,2023,WL5KDC8S,3
36f,88c,a1d5fbf3ad6,J,X,202,2019,E8ZYB0AS,3
617,406,f48d7c1ec55,N,X,201,2021,EHOKY1QV,2
9d7,542,ec7349e12aa,N,X,202,2020,V23ZI5V7,2
e22,482,103cd48dcf4,N,X,202,2019,EUT2YYYX,6
918,45f,4c594f8f1dd,J,X,202,2020,KC0KQNHT,2
a81,b2f,6133913e89a,N,X,202,2022,ZX4LR9Y0,4
cdf,d42,313f89511c0,N,X,202,2024,34D3FX53,4
5f7,99b,a7debc421b7,J,X,202,2020,BF5X7A4D,3
7ef,dbf,2f272fda99a,J,L,202,2023,G205IHX4,3
dba,301,95f0b32b7fd,N,X,202,2020,S3Y4ZCBY,8
8dc,0be,ed8be1d5c07,N,X,202,2020,GRLATR50,3
f88,218,04e28032eb9,J,X,202,2026,PRHAT9RD,5
b3f,8d3,5a46be867ef,J,X,201,2015,SJIQQ0W9,4
c5d,0a9,781e1168bda,N,X,202,2020,6C6GD3PW,3
540,fa2,f0f56bc6838,J,X,202,2019,YTC33NEY,5
ea1,2b1,2bdae0e2994,N,X,202,2020,FX3ESWEB,3
a6a,5ee,36a78e2d3fc,N,X,202,2022,82854HSP,5
d0a,437,420772ca4e4,J,X,202,2020,37PBL67V,3
307,524,f53bc35655c,J,X,202,2021,NVZOA78R,3
236,29e,fb021179afb,J,X,202,2018,1SQAZA3B,3
954,bac,eca94732324,J,X,202,2023,3U1QVVR1,-7
787,7a0,1bbadfc3cfc,N,X,202,2022,Q64RIE9E,3
f25,700,3e7692dfd7e,J,X,202,2021,I5OB0T8O,3
f20,a6e,129055bf0b7,J,X,202,2019,5VLA5ZQ0,-1
df3,142,a33c4b813cd,J,X,202,2024,GKCI7GHP,7
26c,b93,bcab2402868,J,X,201,2014,B7MKQDI8,1
f73,cbe,30d11c45793,N,X,202,2025,OIBV5IQ9,1
6f1,e89,e2957544ea0,N,X,202,2020,8C2SMOAC,9
a30,d9a,d3eccf767eb,J,X,202,2025,30JU7GA0,0
546,003,e69a4d72d80,J,X,202,2018,ZPCFVDTG,3
a11,1b9,cd2b2325316,J,X,202,2023,00B1DAPY,4
b11,600,2dba2aea6f4,N,X,202,2019,BEVHAQZL,3
e46,b66,6799e089ab4,N,X,202,2021,QNDXPREM,1
9d4,cbd,00df72a984e,N,X,202,2036,A1H51LI3,4
e9b,c34,716c245c2cc,J,X,202,2023,JGEULBVL,5
727,b88,238c2d7cb20,N,X,202,2021,BTCWAZHE,4
68c,333,fc11479725e,N,X,202,2026,45C17K9F,3
cc0,001,c101d77bf4d,N,X,202,2025,RWT7P96E,6
c7a,371,12e7deb70c0,N,X,202,2023,BPTPUIXM,4
906,e4c,97dc9832598,N,X,202,2022,YLJ1HBTN,-3
86f,87c,40df97a7bed,N,X,202,2025,NIJW16GC,4
135,ee0,0b3158913b8,J,X,202,2024,ILW5K7UR,3
537,c06,b9b3be7efdb,N,X,202,2025,7YCQNPYE,2
b59,f56,0a98fc7e85d,N,X,202,2024,HRQNB2RW,4
8db,dda,6fb1baed5c4,J,X,202,2019,UJAJI448,4
2ea,110,ca8db1868c3,N,X,202,2026,YQGIS4PK,2
e10,07d,b27429cbc5c,N,X,202,2021,MPLTLAH0,6
921,73b,37be4ce93a6,N,X,202,2019,5SANO12R,5
b29,f58,b213ec92933,J,X,201,2021,OKH2IEF7,12
400,404,613a2283770,N,R,202,2026,K3WSIJP4,2
5b7,665,f6efd308da2,N,X,202,2021,NYKH7W2Q,0
f1d,388,5fd9f021d87,N,X,202,2024,T485DLJY,4
ae3,9ec,fe6bf551e1e,N,X,202,2020,EL9GEKJK,0
a9f,eab,1eaa3cc6e25,J,X,202,2019,QKTBNV91,2
444,ee3,635f761c8d6,J,X,202,2023,WL7V64CS,6
786,cf8,10a55610acb,N,X,202,2024,X7D4L9QP,3
e4d,98b,f49a78d41e1,N,X,201,2025,IQCNP65W,2
ac7,8ae,c3523e5464b,J,X,201,2023,6LZJGMOG,2
9d7,e0c,ec7349e12aa,N,X,202,2019,V23ZI5V7,4
174,9c5,dc290358d26,J,X,202,2018,LX2HTGM1,1
7ef,541,b139a1d88ed,J,R,202,2022,0VWI7H5Z,9
8be,1de,c7977b92c0b,N,X,202,2020,DVMSDKYS,4
189,f90,52f84b4bf0e,J,X,202,2022,7U3WJ713,3
18e,d4f,f9f725bafad,J,X,202,2023,FDYJ3R2L,3
ea0,cba,731dc72236d,N,X,202,2022,0FBOJVIU,3
dd5,af1,a2245a56d2f,N,X,202,2028,1EA7XEAL,3
29a,739,2e169e31ec9,J,X,202,2021,0GGSDPGJ,7
3a9,87f,995c1d537a5,J,X,202,2025,KJ8GWBP6,4
c76,e44,69397971b6f,N,X,202,2017,OEQ3MV92,3
b29,199,b213ec92933,J,B,202,2024,OKH2IEF7,4
d2d,1cb,6f71f5ba5a9,N,X,202,2021,83AQ6GG9,3
b3f,10c,5a46be867ef,J,X,202,2023,SJIQQ0W9,4
a30,fcc,57896a7c137,N,X,202,2014,30JU7GA0,3
7c0,235,99f47aebbc3,N,X,201,2020,WNH985UF,0
4e3,ff2,ec2ace0bbfe,N,X,202,2018,M30NK0YS,7
7c0,5aa,ef2ebc62c36,N,X,202,2020,WNH985UF,13
145,650,860f652efbb,J,X,202,2020,I8A9NCMD,8
4af,a40,2b3183b6196,J,X,202,2017,3994LBCR,-2
a86,59a,954aaebc69f,N,X,202,2018,9WI4J3NR,3
4b1,0c3,98b629cb451,N,X,202,2020,GDEVWDQY,2
2cf,f30,94a083c1d50,J,X,201,2019,21PSBTJ5,7
cab,23a,847d3cd2970,N,X,202,2018,VGMZWMJ6,1
17e,8ea,d434af3aa16,N,X,202,2022,NE083K9W,3
f8e,9e3,78f24e3a546,N,X,202,2018,ZZEFUI8F,2
133,fa9,e43cb4bc7c6,N,X,202,2022,75PGMU5A,6
526,12d,2918100115e,N,X,201,2022,FQ82JRAD,2
17f,22a,bf80e15c886,J,X,202,2022,OU8J0N70,4
a5b,a17,6ded9d8994e,J,X,202,2022,L3M0891F,6
faf,267,0e4d4c1f138,N,X,202,2023,WZ5ZD06N,-3
baf,199,9bd651561d4,J,X,202,2021,4987UI4Y,4
42b,e4c,ee9f11c05d0,J,X,202,2024,4JR0COY4,3
6e1,b26,c912605dcb7,J,X,201,2025,FWSZ47JX,5
3d6,336,58b00203ca8,N,X,202,2021,6UJKQG5C,4
9fb,abf,f6f6cdeae96,J,X,202,2020,P9IXLN66,5
be2,600,28292fe3836,N,X,202,2020,Y3KC25XS,-1
d85,0a6,1a3499125ec,J,X,201,2019,T7JTS1KA,6
5f7,593,69ad3bb54fd,N,X,202,2019,BF5X7A4D,5
342,c3d,2a3bec79425,J,X,202,2021,XOI8XSGJ,1
ac7,01e,878b326bf6c,J,X,202,2028,6LZJGMOG,2
66c,71b,cc169417604,J,X,202,2024,QEW0FRHR,3
5eb,5eb,b082f2b622e,J,X,202,2024,RJDC5M6X,1
7ce,93f,f276c00bffb,N,X,202,2021,9JXMP63A,-3
79e,14a,f3a0aacb1c8,N,X,202,2020,90JYYWYP,3
b3e,b1d,6d8c60caa6f,N,X,201,2025,GQ9S1U6S,1
54b,9ab,8c370ad8795,N,X,202,2016,W3NJ10UG,-3
174,05a,dabaa300670,J,X,202,2019,LX2HTGM1,1
31d,444,0b7bc38252a,J,X,202,2022,1SEMM1MN,2
ed4,af2,b2a9c15fad5,J,X,201,2022,19SKKNAB,-6
744,457,a1d5b3c8dd5,N,X,202,2022,KIIQGQCC,3
9a9,e75,d26a180ffde,J,X,202,2016,WKJSDYVO,3
7c0,636,99f47aebbc3,J,X,201,2015,WNH985UF,7
8e6,2ab,876724138d2,N,X,201,2020,0CQF1MSN,12
d45,70f,011d8699a12,J,X,202,2023,YMOWAXQR,3
438,1f2,a3d1a88147b,N,X,202,2018,N074OALE,9
112,42e,585cc202207,J,X,202,2023,PM676IH0,5
a9f,98f,92322c74394,N,X,202,2028,QKTBNV91,3
f73,5b5,b3e9e88fba4,J,X,201,2025,L9EXAMFI,3
78a,03d,282229903ae,N,X,202,2020,WL5KDC8S,2
342,b70,2a3bec79425,J,X,202,2020,XOI8XSGJ,5
8ab,94f,47f9b3ecd9a,N,X,202,2031,IYDYRHSS,2
ac2,370,0b9e4de2d5e,J,X,202,2021,XEY4YLUI,7
0d7,0bf,466d7b0dda9,N,X,201,2022,G2SN9HED,-5
565,f52,6aae71df134,J,X,202,2026,QONX07Q6,6
4f4,98f,ed08aa7447c,N,X,202,2023,XHF9O2GE,-3
336,81a,22a097ac00a,N,X,202,2022,EACTHQAQ,4
31d,992,0b7bc38252a,N,X,202,2018,1SEMM1MN,-2
28c,82b,7f4ea102745,N,X,202,2020,QK5NIBZC,1
9d7,7cd,f25ed74c5e8,J,X,202,2022,V23ZI5V7,15
757,6a0,4a1b80b9b0e,N,X,202,2024,CVHKH50D,9
0f2,949,1918b0e9a60,N,X,202,2023,U8708L5E,4
6ac,0f2,99944519e21,J,L,202,2024,7GLZU6TY,3
400,c16,613a2283770,J,X,202,2020,K3WSIJP4,2
5d7,0b8,b4d020b4d7a,N,X,202,2026,MJ9EYFTP,3
e5f,49c,b34a333bbf4,J,X,202,2027,QLTZKBUL,3
133,142,e43cb4bc7c6,J,X,202,2021,75PGMU5A,2
1c3,113,64ef3c30217,J,X,202,2018,XEEX1B1S,3
58d,9b9,97c7ee67177,J,X,202,2022,13LHLZJ7,6
673,8fd,c2d7fc3479c,N,X,202,2020,H0TYW3PI,5
8e6,ea9,876724138d2,J,X,202,2020,0CQF1MSN,5
f88,d59,f372fd9d413,J,X,202,2021,PRHAT9RD,0
9b9,163,25ee8c3fcdf,N,X,201,2019,4QH9O1D2,1
781,38c,c114c6f88b3,N,X,202,2022,OWSU3XK6,7
a61,758,8bbf37c578b,N,X,202,2025,TFRQUBZ6,2
f03,025,e0b78b906e9,J,X,202,2023,KXDYZPLI,2
bf1,42c,4c5fa28eea5,N,X,202,2025,05TKOF8J,-1
2f9,b45,e3ce252362b,N,X,202,2020,0FNGX23O,0
257,868,873bcb1012a,N,X,201,2020,6PRPHVOK,2
b54,c0e,84045b418e3,J,X,202,2024,YYCYCXKN,7
a61,436,8bbf37c578b,J,X,202,2025,TFRQUBZ6,4
135,c15,a12504fea9a,N,X,201,2028,ILW5K7UR,3
c85,aa8,de88fd44c72,N,X,201,2029,BCDC7Z3F,0
041,11e,2e9e6c4a8ec,J,X,202,2019,J9MV39HT,5
18e,8fc,41a6634d920,N,X,202,2026,FDYJ3R2L,-2
186,541,ff3c43cbfb6,N,X,202,2017,F76GRATX,8
df0,499,7ec7d007ab5,N,B,202,2023,TE5E5Z69,3
5f3,e54,5c459c8bbac,J,X,202,2025,WML3LH78,3
a3f,093,133135372c5,J,X,202,2021,4Z1LLZGF,4
c48,8fb,f2a751067b6,J,X,202,2021,ZWGNM6VG,1
f83,fb8,76851f8fad0,N,X,201,2022,VNA2PQ5R,2
802,b3e,4dea4b673f1,N,X,202,2023,0N1WBRQW,3
b45,3ab,89c54046b93,J,X,202,2024,T9SU0DKA,2
977,96c,232b2e2dca5,N,X,202,2019,0URGQQXA,2
e81,3f4,09dd8b670b3,N,R,202,2024,UMWJK578,1
2dc,e80,73347af6365,J,X,202,2024,O53GG70Y,5
a11,e38,f19ea4b285e,J,X,202,2022,00B1DAPY,5
526,0cc,201119bb3c1,J,X,201,2023,FQ82JRAD,0
f1d,1fc,5fd9f021d87,N,X,202,2025,T485DLJY,3
