VSID,PSID,VERSQ,GESCHLECHT,VERSTAGE,VERSTAGEAUSL,VERSSTATUS,VERSTAGEKG,VERSTAGEKOSTERSTWAHLT,BJAHR,BNR,DATENMODELL
855,647,20223,4,38,12,10001,16,8,2022,1343CR36,-3
281,21d,20216,-1,57,-1,10000,23,14,2021,IUI24NP9,2
80e,2aa,20212,-5,91,14,10001,24,19,2022,O1NTNNQ7,2
3b4,206,20214,-1,64,-1,10001,21,31,2022,ZIFWU3PN,3
9d3,cb7,20233,4,71,4,9999,9,27,2012,PIE7A68D,0
185,9ce,20213,0,45,-1,10002,8,16,2024,PZPXGE5D,1
44c,c65,20234,-1,75,3,10001,26,24,2020,HNQ30KGS,0
ff8,130,20214,0,51,-1,10005,19,16,2025,4UMTZAMB,2
ad4,8e2,20230,1,89,1,10003,5,19,2020,BRP7YFVW,2
fc8,ac7,20215,2,125,-3,10004,46,18,2023,PJW5S8K8,2
82f,448,20222,8,44,-1,10001,2,14,2025,R835J9M6,3
ef7,d85,20236,2,145,-2,10002,50,29,2020,BOPBCUWN,-1
514,916,20238,2,180,-1,10000,63,29,2021,F551N00N,1
336,7e8,20232,2,155,0,9998,23,65,2026,4NS0ME7X,-2
962,b7e,20225,3,153,0,10002,26,23,2019,TUB0RHAO,0
c2c,541,20232,7,49,0,10002,2,13,2020,BZL7DTDJ,6
112,226,20224,2,96,22,10002,36,7,2021,D3C4D6TV,1
c10,77e,20232,3,158,2,10001,14,51,2023,3YV5MQJS,2
d19,d1c,20211,3,139,9,9996,44,18,2020,H3WGJCKH,-1
7d9,385,20214,6,31,1,10000,8,14,2026,0AU7HDVJ,4
1f9,8e9,20231,3,36,-2,10003,2,9,2023,UZXTG2Y7,7
54b,7f5,20231,0,143,2,10005,62,53,2024,HBFTZWZ3,6
e31,e46,20208,2,115,14,10002,43,35,2017,F543EA39,-1
9bc,5bf,20210,4,106,-3,10009,29,27,2019,JNJ91G17,3
70a,547,20210,0,126,10,10004,31,27,2018,RMV3823C,1
4ff,4e9,20231,4,116,8,10004,16,21,2019,A32AHOEG,-2
022,de3,20222,0,101,-1,10004,22,47,2027,HEXZ9YWF,0
843,7fc,20231,2,55,9,10000,20,7,2024,NUP5L019,5
01e,770,20216,5,62,8,10001,20,2,2018,ITCU72GB,7
2e8,b93,20215,0,37,-3,10001,7,9,2017,5NIZWPTT,2
ed7,05c,20227,2,162,6,9999,2,70,2030,SKBYSHQA,1
177,bc4,20233,-4,167,0,10000,27,46,2020,FEG85G6I,1
04f,161,20214,4,87,0,10004,9,13,2023,UOPBO25S,3
dd1,fe6,20222,4,117,0,9996,10,4,2020,9UWERK52,3
d14,e6e,20232,0,98,13,9994,37,24,2023,FOO5WABB,-1
657,6b4,20233,5,58,1,10003,8,18,2024,01297KYX,2
4b0,8e2,20213,1,98,27,9997,37,43,2020,7V6MPQ42,7
38f,5f6,20211,5,101,0,10004,45,4,2022,9RGC15NR,2
9df,53b,20239,1,90,1,10002,27,23,2021,B05AMSJC,-1
aed,889,20212,4,131,2,10001,60,11,2024,TGIV3TW8,-1
12f,4ea,20213,2,68,1,10006,19,8,2023,QHF1IIXQ,6
182,9d9,20223,2,94,-2,9999,36,40,2019,4G2CBQBQ,4
249,d39,20220,3,52,2,10005,13,3,2021,IWEQA87N,3
2ab,bf7,20223,3,114,8,10000,48,10,2019,B9ORB2JW,6
b14,ecc,20214,1,171,3,10002,50,23,2027,JO5X0MOL,1
4de,845,20222,5,144,-2,10001,14,3,2022,SRWGIQ04,4
97c,f3f,20234,4,130,-1,10000,51,17,2023,UVNFFQ7L,4
afd,925,20222,2,116,1,10001,54,48,2024,IZ1O0VS9,3
9e2,69f,20214,3,112,-2,10001,11,6,2022,45I22O0G,3
ca5,077,20233,1,159,-3,10000,69,50,2022,LTS83EOL,4
c09,1eb,20214,5,94,3,10001,12,32,2022,FC05ZRXR,3
a79,a89,20231,-2,60,9,9996,27,33,2018,IL6VI9TI,1
977,2d7,20224,2,65,1,10000,0,21,2022,U9GGK8C1,4
62e,e0c,20224,2,123,-1,10004,8,40,2026,QPX7JK12,6
567,3af,20225,3,123,0,9998,38,22,2025,9DFFKZK3,8
95d,4f6,20234,2,65,4,10011,8,11,2023,0SCW6ERF,2
23d,908,20237,6,34,-4,10001,3,17,2020,DYQIF0TV,3
60a,096,20223,0,80,3,10000,5,24,2018,XO53TGP9,7
e84,fe4,20227,2,109,-1,10001,13,-6,2022,AW03N7V2,8
522,397,20201,5,147,-1,10001,59,19,2021,PIH93287,7
d8c,9d3,20232,1,94,0,10001,4,3,2020,VHKD68GP,1
70b,eb9,20212,4,152,3,10005,62,47,2021,GWQUDXVL,4
95c,128,20231,2,32,3,10003,7,16,2022,JYUK4HY9,-1
43d,ef8,20234,3,177,1,10004,45,75,2023,U3679JPU,3
b7f,9c6,20222,-1,58,-1,9998,1,28,2022,DSV9ZY6G,5
1de,b69,20222,1,121,15,9998,28,31,2027,LCH8C0DR,4
de2,879,20221,2,156,-1,9999,-5,3,2024,J6CVNUKH,3
269,b68,20221,-1,73,-2,9999,3,-2,2023,52I575Y9,3
235,f0f,20220,-1,175,0,10001,7,63,2019,SNM3GAE8,10
4a9,d48,20214,1,151,1,10002,2,61,2016,KI87KUUF,-1
d42,0f0,20215,4,99,-1,10006,18,47,2019,OFMDSXKG,5
283,1c1,20216,2,85,2,10001,23,40,2023,SZ2OHFKG,5
bd6,05e,20224,6,126,-4,10000,5,30,2023,M39MJMB3,4
edb,4d6,20221,1,143,19,10002,24,66,2021,L9K7XO8Q,1
d92,2b1,20227,1,56,1,10003,14,26,2021,ZBDCCVJE,7
ea4,ea6,20225,9,152,7,100003,35,20,2019,IGDCNI43,6
0bb,391,20231,2,168,1,10000,46,78,2022,KV6YHPRT,3
076,5b9,20225,3,137,-2,9997,11,47,2021,RTJ428Z1,5
01b,25e,20213,-4,57,-2,10002,-2,17,2022,KS87X4JI,5
270,ad8,20230,3,32,1,10000,2,12,2025,PHDLF2S2,3
691,59b,20239,3,167,1,10000,16,78,2021,W9F0P3D0,6
846,e3d,20234,2,91,18,10002,5,38,2019,BQG6J58K,2
657,f37,20230,6,140,-1,10005,61,39,2023,PUSXQ60S,2
450,d75,20233,6,46,-5,9998,7,3,2022,ARRPHZ0W,5
19c,952,20241,5,110,-2,10001,6,42,2020,IYDO0LCF,-1
443,2f6,20234,3,140,16,10003,42,11,2026,2DVK6RQA,3
459,769,20214,-3,179,1,9995,75,37,2022,X2ALG4FL,3
d0f,3e4,20227,6,96,-1,10002,9,12,2020,Z65CAEDS,-4
bc5,082,20231,2,43,5,9999,16,16,2023,XJ7UJ6NF,5
574,d47,20233,1,177,2,9998,43,23,2022,6RNKX329,4
102,4d9,20213,2,137,23,10003,36,42,2024,Z1AJNHF3,3
c99,c6c,20222,5,142,-1,9998,4,62,2021,R99Y66V4,5
5fc,f0f,20225,4,57,-5,10000,24,9,2024,NNIS8ZOD,6
80e,4c9,20221,0,60,0,9997,26,24,2020,2QG38D0U,4
80b,9a0,20225,3,138,0,10000,7,54,2025,985FK43F,-2
6f1,5a1,20225,1,97,10,10001,13,35,2024,S3HG00BL,2
b6b,cd3,20225,1,125,28,10003,21,53,2023,XC7E6K8H,-4
ac5,927,20233,0,136,2,10004,28,53,2024,4SICFSSP,4
f3a,f7e,20214,5,80,0,10004,20,42,2022,PP03TKNA,3
a5a,237,20216,0,100,1,10002,3,28,2020,HZHS0WYL,0
9e9,c78,20220,1,54,-2,10001,12,23,2024,R0K622XJ,5
67c,b3d,20215,2,129,-3,10002,60,32,2027,Q557C0UD,3
cc0,458,20222,2,101,-3,10000,12,8,2025,OSGS7287,4
08a,36b,20226,-18,27,-1,10002,0,1,2027,65JV0BZV,4
5b1,608,20233,0,140,14,10002,9,21,2019,7HBLA8JR,3
a69,f35,20214,0,42,2,10002,8,14,2014,DQT9SLTT,3
ecb,ee0,20219,3,165,0,10001,44,70,2023,JB3XYA8F,2
d31,203,20232,2,129,4,100005,43,45,2024,KEPYGJZL,5
d90,93f,20232,-1,128,-1,9993,29,62,2023,O9SE1509,4
d2b,093,20221,-4,101,4,10001,4,2,2024,R9UJ1V2W,7
568,2a8,20208,1,161,1,10002,74,15,2020,H2VFLR2V,3
b68,643,20223,3,70,18,10002,28,5,2019,QDSVC6HN,4
20c,8e9,20235,2,119,17,9999,1,37,2021,M318BRAT,2
0c6,b0e,20214,5,152,4,10001,73,33,2021,7U3BWHX0,3
ceb,ccc,20230,-2,55,-3,10002,1,21,2022,23C85EQ2,3
a2c,53c,20234,0,113,3,9998,29,34,2019,6SUHJDM0,4
8b6,810,20235,3,73,5,10001,-1,33,2024,N53HS9KS,4
1fc,0f1,20212,-1,50,0,10002,7,17,2021,53A4X8IH,4
fac,d3f,20224,1,158,-1,9999,42,32,2022,ELESQ5BO,4
074,71a,20222,1,141,-5,10002,19,45,2020,PPEEW8DK,2
a84,007,20222,0,104,-3,10006,15,12,2019,IYQO20JA,6
db8,855,20234,-2,35,-1,10003,13,4,2017,I1J8NOSB,4
913,56d,20209,2,177,2,10000,29,70,2018,H30XLF3H,2
9b9,541,20222,1,40,-1,10006,20,7,2020,QATOGKDS,3
2a5,382,20240,3,63,-3,10000,29,2,2024,MS5SV6W8,6
3fe,ed1,20220,1,155,-4,10001,70,50,2029,KUXYWOSB,-5
e6e,ff4,20233,2,137,1,10003,19,5,2019,9FN4U4IL,10
ae2,b85,20218,3,110,4,10004,45,19,2022,H8WV5FQL,3
a77,67d,20218,1,129,1,10001,39,66,2020,64LVK0E8,3
f76,1f9,20226,2,154,-3,10000,19,52,2022,67Q699RR,1
2a3,4b6,20228,5,90,0,9994,6,0,2022,WSKV6AJI,0
1de,962,20233,1,81,19,10007,31,14,2022,Y5E5E57H,7
cb5,372,20225,2,67,1,10002,4,18,2024,3NA17CFF,3
590,eda,20223,-2,45,0,10002,-3,-1,2022,7H1ROUEZ,3
0d1,f8c,20214,4,100,2,9999,49,39,2024,W3FZKO2Z,5
246,e9e,20222,6,120,0,10003,27,28,2013,AP31CXP5,5
746,c1e,20208,3,177,1,99999,78,67,2028,AXDBFVTZ,6
ce0,551,20235,-1,109,0,10002,44,11,2022,DJ0OKFLS,-3
8c9,89b,20214,2,71,2,10014,18,16,2021,V8TUV7MH,5
f79,e8a,20233,2,33,1,9999,1,13,2022,JO21J2HM,4
c29,91b,20223,1,145,20,10001,23,46,2022,XQIM0OHK,3
034,c03,20223,2,138,24,10002,45,30,2029,RHOXNDRE,6
d94,423,20222,2,144,33,10003,46,31,2016,ISJX01RE,1
70d,e98,20233,3,63,-9,9999,31,14,2021,A7NTT669,0
a02,11d,20234,0,92,-5,10007,13,2,2022,VJ8FK83C,4
fd7,55b,20215,4,82,12,10000,21,0,2024,YOXVM2JY,4
834,54f,20208,2,154,7,9996,77,7,2020,22XB87QN,3
395,2af,20214,0,94,1,10000,27,39,2023,6XD0KIHX,3
d87,513,20213,1,82,-1,10001,20,17,2027,94LF5LT0,3
145,074,20232,4,109,10,10002,17,17,2021,NS6D92ZY,6
41a,9c4,20210,0,72,-2,10001,11,18,2021,4JCBB0C2,3
513,604,20207,3,176,0,10003,27,15,2021,WEEWXJAF,3
fa0,ff1,20226,0,166,1,10003,16,61,2022,YNHFN6XS,1
6ba,970,20234,1,119,-2,10002,17,-1,2021,GLGAX790,4
e53,5c7,20233,2,175,33,10005,20,7,2020,R7DQ6DO6,2
606,1b0,20221,2,58,-3,9999,25,19,2022,KJNR58PX,3
258,251,20212,1,109,0,9999,40,5,2029,B9JYA8GN,6
02c,7c7,20231,3,77,-2,9997,7,35,2022,XZ8FF8SN,5
af8,318,20224,2,173,-3,100001,31,67,2016,0NL4WJC6,7
74d,313,20221,2,129,1,10001,23,30,2022,IMN7OP6B,4
98b,3be,20219,3,91,-1,10001,17,40,2022,R3BPOQ44,8
f44,f48,20208,7,142,29,10001,61,52,2023,V31OSLZU,5
f72,f5d,20211,6,73,-2,10000,5,17,2024,DLHQM7Q3,1
177,488,20232,2,120,1,10005,6,17,2025,O6FFSAJP,-1
c6e,757,20215,1,181,-2,10001,37,28,2023,KLA8FIXN,3
05d,cf7,20226,-1,72,1,10001,41,34,2020,ED0TUX9B,5
bc4,fad,20225,6,161,-2,10000,33,74,2023,N1PDVAC8,2
5dd,616,20222,3,166,0,9998,47,54,2015,FHUU7QPH,4
7e0,d0b,20228,4,132,-1,10001,31,64,2017,32XKLBN3,-1
a3d,a5d,20234,2,70,3,10001,14,24,2023,M3HZNWR0,4
273,1d7,20227,3,60,0,10001,15,18,2022,1ILBSI3K,5
e41,214,20223,2,181,-1,10003,4,32,2018,WQRD7VPR,6
efe,86d,20214,0,50,3,9997,13,28,2023,I0Q0H989,3
b2e,9a3,20231,3,30,0,10004,11,14,2022,4978QW6R,4
b66,4ba,20223,-2,80,-2,10001,4,33,2019,3UFGLDW1,2
e1d,879,20222,6,32,-1,10007,13,0,2024,QQYC5Y7E,-1
32b,054,20222,2,89,-1,10000,9,8,2031,M7S5A4S8,2
b49,773,20234,8,153,1,9997,67,14,2025,LLHJN9TK,6
e78,32a,20213,1,172,35,9999,12,10,2022,1MNPLWV5,2
1c2,266,20225,-2,148,-2,9999,5,13,2022,MEIPTDZJ,2
b3d,aab,20212,3,173,3,10000,47,0,2024,YFX5I8HZ,4
35a,b9b,20220,4,67,-4,10003,11,20,2021,NUXQM44H,2
5e8,d26,20214,6,120,1,10005,42,49,2026,OML0O7IK,-2
8e1,b44,20238,4,48,5,9999,13,5,2019,8RLWXNMS,5
d41,f80,20214,10,161,38,10002,10,58,2022,1QHL26HA,3
351,aab,20224,1,168,-1,10001,9,28,2022,3D4IPVMH,4
e41,b00,20212,2,73,-10,10002,16,22,2024,K5J4O8J2,2
10e,6e1,20234,-3,85,-1,10001,14,5,2023,G7MUWG29,6
bea,c9c,20214,-1,146,-2,9997,10,12,2016,56409MPI,4
734,2f6,20220,-2,122,-1,10001,11,46,2024,DHLXXZA7,-4
180,6dc,20238,-5,120,0,10001,11,26,2021,15CGJB67,5
9bc,817,20220,2,153,-1,10006,55,10,2022,55FUKB4U,1
074,f24,20222,2,170,1,10002,15,18,2021,YAD39PIW,1
fe9,5a4,20213,2,135,13,10002,2,15,2022,ZJ7KSNN8,-2
b44,c7a,20213,3,133,30,9997,12,33,2021,HUSBR2BZ,2
952,b6e,20234,4,38,-2,10001,5,11,2019,I2CAY6MI,2
1ca,9e1,20217,-2,176,2,9995,85,78,2022,3NOB91G7,5
91b,911,20231,5,43,8,9999,17,6,2017,GG55M6FY,3
eb4,f9a,20231,1,150,-1,10002,72,38,2026,C5T8IHV6,2
a83,24d,20217,4,124,3,10003,60,58,2020,C7IWVO0U,0
77c,364,20214,2,89,1,10003,36,30,2026,BY5TZR4V,2
c0e,ef7,20232,1,127,-2,10004,48,58,2023,KEPI7ANF,3
1d6,9be,20213,6,173,0,10003,40,36,2023,VHUNC9CP,-1
054,b2a,20213,2,118,-3,10001,48,42,2021,0E28HLYT,4
874,d25,20231,7,116,-2,10003,6,29,2025,Q68K91YC,3
e0c,cbc,20213,4,38,1,9995,17,13,2021,U0BV50J9,-3
f40,4c3,20234,-1,167,2,10003,71,14,2022,P2RTUTHM,3
a40,17f,20211,2,110,-1,10004,0,20,2027,AN6JZF5E,5
f76,a46,20214,1,44,-7,10003,22,-2,2015,AB2PZD66,3
a21,f8d,20231,1,51,-3,9999,22,18,2023,WVI47TK8,3
34e,3b7,20235,2,81,19,9999,10,30,2022,K6Z2JP6V,12
f0e,9ee,20221,0,167,0,10000,25,3,2024,YS7ROM0C,2
6b9,be7,20233,-1,31,2,9998,8,14,2022,E864TMIB,3
a7b,4e0,20236,2,121,0,10001,7,12,2021,FHLV8GHL,3
523,89d,20213,-2,180,31,9993,55,7,2020,3B0X4Q26,1
2ed,937,20222,2,56,0,10000,11,8,2020,M7EZ9U4K,2
a31,286,20237,2,46,1,10006,20,18,2023,FDPJSOSZ,5
44b,053,20222,2,125,3,10001,59,38,2021,Q3D51L18,5
88b,050,20210,-2,102,6,10001,12,51,2021,3TEVPRD3,3
318,112,20237,8,100,12,10002,7,10,2022,SUBF3BFG,6
776,6a3,20228,-1,105,1,10004,9,19,2021,0KHMOYVB,2
9ae,925,20215,4,106,1,10000,35,0,2022,2MDNMCZG,4
4a9,59e,20213,3,133,6,9999,50,24,2021,U9TXDAOZ,6
86e,200,20215,3,62,4,10005,17,23,2024,63T8HMOZ,2
d09,65e,20222,5,66,-3,10002,10,41,2016,COQ90YUU,5
b1c,473,20227,1,30,1,10002,3,14,2020,VN72O1NO,2
3ca,0a1,20223,3,116,0,9997,5,27,2023,HPP6HR16,2
160,f86,20218,0,117,24,10003,31,16,2025,S53R4YET,7
b38,174,20209,0,46,-4,9999,-1,17,2017,9VYLATOV,3
6ef,ac8,20236,3,168,4,10001,41,68,2019,X92MZFSJ,-2
091,753,20233,4,127,0,10002,13,25,2024,YJ2Y9Y4Z,2
ede,83d,20209,-1,75,0,9995,-4,18,2022,TP5O3B6T,5
720,467,20226,3,82,-1,10013,25,2,2022,H6893ZMP,5
217,212,20223,3,159,-1,10000,35,38,2021,9FE6GGLK,3
daa,ded,20215,3,53,-2,10001,18,13,2017,FL5ICFX5,0
bc6,f43,20215,3,143,-1,10000,7,30,2022,QV7N3O2Y,4
0f0,ae1,20232,3,51,0,10002,0,2,2024,8ZVBLW5V,-1
fa8,3ed,20213,10,67,2,10003,27,4,2016,MXP2MAAU,7
800,f8a,20224,-1,107,14,10004,6,19,2024,T11C9XNK,3
193,e64,20232,10,60,3,10001,20,18,2021,CRU19MCK,2
75f,64c,20213,4,67,-3,10002,8,11,2020,5VNU122K,4
fd4,9d4,20224,2,138,0,10000,10,63,2020,8WZND7EV,-2
02a,2bf,20210,0,40,-2,10002,12,14,2023,N214HFGM,6
892,d5d,20214,2,77,-4,10001,22,25,2022,D1ZKK8YE,3
c78,824,20218,2,68,3,9999,27,1,2015,JTENNWLF,4
e9a,ae0,20234,-1,62,-1,10000,-1,14,2023,GWLHUVKX,3
cac,911,20214,6,35,-1,9999,6,1,2025,IVNFA04O,3
a96,fe4,20213,3,151,-3,10002,35,76,2019,3DQ46RFK,3
264,447,20213,0,140,-1,9995,65,29,2019,BC1L2P9S,4
1a6,e2b,20214,1,141,4,10003,31,22,2021,AXXUL6UJ,3
1de,b5d,20224,5,119,-1,10006,59,9,2021,IB28AGDM,4
d9a,2b1,20221,1,29,2,100002,4,-11,2022,DMIGFV3R,3
1df,4d8,20223,-7,174,9,9999,25,50,2016,VCOLP8WN,0
89d,44e,20210,5,158,31,10000,74,50,2021,3ZAAMQS4,10
f0f,542,20223,3,53,1,10005,32,17,2029,P9KRGNEY,2
d54,1f2,20221,2,140,0,10001,39,60,2022,AH6EHL67,3
18f,939,20225,2,139,2,10000,41,63,2018,US2ABDC4,3
2d3,21e,20218,4,40,-2,10000,12,16,2025,JEI48GW0,3
9bb,837,20212,3,36,0,10002,9,9,2024,P669VCZ1,-2
170,512,20214,2,152,8,10000,32,22,2020,2XQN88HC,4
f12,fb9,20214,1,36,-1,10001,16,-3,2018,1HEWVYKH,2
e85,a5f,20213,2,53,2,10002,21,23,2017,RDJ53CCX,-2
3b5,4d5,20234,-1,80,0,10000,9,16,2018,0XPS1YE4,3
a7c,b82,20219,2,179,-2,10002,43,24,2021,UMQ3OYDD,4
b22,63d,20231,1,128,-3,9998,51,-1,2024,CA6TAOKE,3
c5b,d43,20207,0,64,0,10000,27,25,2020,EGH43WF7,4
305,4b0,20213,0,134,-2,10003,30,65,2023,2VKWDMY9,3
531,8e6,20221,-1,57,1,10002,19,14,2025,VEO63WE1,6
37e,09a,20235,-3,106,-4,10004,33,43,2023,R99PUOSB,5
f3f,5bc,20210,7,125,0,9999,62,6,2017,K5KG9SJ1,4
71c,3ae,20231,5,45,5,10003,5,16,2027,8ZLGXX4T,3
464,cfd,20210,1,28,2,10001,0,14,2022,Z76AB52X,3
934,7b3,20212,4,177,3,10002,14,44,2020,EHYSLH32,7
399,f1c,20223,3,164,0,10001,35,55,2018,K63OY6R3,-1
168,2a2,20216,0,162,-1,10002,43,38,2025,0XZ3XE6Z,8
4d8,955,20235,2,127,1,9999,46,49,2019,W1DP7N0S,4
8be,f6d,20223,0,130,-2,9988,53,51,2017,NYEIXTMR,4
007,b15,20213,2,87,-1,10006,46,28,2022,6K4CNP10,3
5ca,33f,20221,3,83,1,9999,8,8,2023,2Y372VX5,2
aca,ded,20216,1,185,-2,10003,6,11,2022,SQOW53JD,4
8e2,224,20225,3,89,0,9994,37,15,2018,B17DFOGM,13
dcc,f68,20221,1,119,1,10003,54,59,2022,V1UGOOZI,6
726,ee3,20209,3,36,1,10001,13,1,2021,QZT2VEOP,0
bcd,726,20231,2,158,10,10003,3,32,2025,J5OY7ZK5,1
f62,a0a,20218,0,165,0,9999,60,67,2030,A0R6M9SL,7
b6f,3a6,20226,2,89,-4,10000,25,24,2021,9MY56LUM,2
ed5,bea,20221,5,116,-3,10004,29,52,2016,7L0UJI6T,3
761,187,20233,0,93,0,10001,4,20,2034,AHZCUCFJ,4
577,91c,20222,5,118,26,99998,2,31,2020,CLZ2E61G,7
4c8,c19,20229,0,50,-4,9997,8,19,2020,JB52S2OP,4
7d8,5b3,20219,4,101,7,10003,4,9,2020,L5YIHGLK,-2
5db,e12,20222,3,42,-7,10002,9,11,2019,9VQCSJJK,-3
705,897,20232,-2,171,-1,10003,83,52,2020,25A4ZGZ4,3
4d3,7de,20209,-1,145,-1,10002,22,50,2020,ZHEYBC8D,2
b9b,05a,20224,1,45,0,10013,24,14,2022,P78ENU90,5
5bb,fe7,20214,2,148,0,9999,33,36,2022,L90AV21Z,0
4a7,b64,20213,6,85,0,9995,16,43,2022,41AQN400,2
86e,147,20211,-4,93,9,10004,22,15,2028,C15AX08W,12
23d,f9c,20213,2,138,1,10000,43,9,2023,HT5JR1T3,2
682,174,20221,5,147,0,9998,67,46,2018,ZPT02RIZ,8
620,90e,20214,0,34,-2,10002,8,15,2021,F4BJJRN9,3
6d3,f99,20222,0,156,16,10002,58,10,2018,UPR4EQ9I,2
41a,4d3,20213,2,165,10,10000,55,6,2023,LQWCLPLZ,2
5f9,a0f,20218,2,139,16,9999,27,55,2021,HCNMHODY,3
522,08d,20224,8,46,1,10004,17,0,2021,13VFNW6V,2
ae5,f7c,20213,4,77,3,9999,12,16,2022,42PORKEW,3
47c,111,20213,2,54,0,10001,6,22,2022,HIJY3CV2,4
77e,f95,20233,2,157,-2,10005,16,8,2023,8DP47S4A,1
b28,cdc,20228,2,131,28,10000,12,5,2024,LXD2XYUK,5
108,3ad,20223,7,145,-3,10001,18,41,2026,KHMUBDB7,0
35b,ce2,20229,-1,136,0,10001,19,58,2024,JHZRS1UO,4
ffd,8a5,20230,1,99,0,10001,23,10,2019,U7TSPQX8,5
2e8,2c2,20220,-1,166,2,10002,27,32,2021,ULELL5B7,5
21d,b53,20228,-3,59,5,10000,2,36,2025,MWK82YLU,4
fbb,199,20213,0,171,-1,10001,72,39,2020,HWGPEI13,1
3c4,04b,20213,3,47,-1,10000,3,17,2023,LQGC6M57,5
665,731,20234,2,137,-2,10000,4,16,2023,P2D41OT5,0
c7b,044,20234,2,165,1,10003,64,16,2024,86KVQ0XZ,4
4ed,056,20228,1,92,1,10004,33,27,2022,NNO80OD8,0
1a4,b07,20230,5,142,-2,9999,51,59,2021,8513EBVK,8
1ec,b83,20213,2,123,-5,10002,54,22,2021,LV5IT69J,-4
2eb,584,20222,1,40,-3,10006,6,11,2011,HKIXNJJN,3
270,23a,20214,2,177,41,10001,58,63,2019,QWR2R7BM,4
86f,714,20233,2,101,-1,10002,12,5,2026,OPHH3YAX,3
d10,386,20213,5,103,-2,10001,21,1,2023,GU59BOVE,4
049,8e0,20224,4,34,9,10001,9,8,2021,T4VR7ZEP,4
8eb,692,20223,3,129,-1,10004,34,13,2018,NCCP3Q43,0
779,d84,20213,2,35,6,10002,3,3,2023,FI7793FV,5
00f,5dc,20232,1,136,0,9988,23,24,2019,BVXAQPE0,4
363,1c7,20229,2,167,-7,10003,73,29,2022,M7DCFKCG,2
14f,801,20211,14,124,15,10003,17,33,2018,2RNAEQAC,3
73f,9db,20212,3,75,-2,10002,33,12,2022,AS1RYIMM,2
84b,278,20211,6,122,3,9998,15,55,2025,RWWYLEFD,2
889,ea4,20209,9,60,0,10005,25,24,2020,PUZCM8KM,3
e42,187,20216,0,168,-2,10001,76,6,2024,ZO8NH0W6,3
106,e81,20215,-5,47,6,10000,7,26,2021,2JL2WU1E,-2
8fb,02d,20212,0,33,1,10000,0,0,2022,A4DUMHNK,6
281,6ba,20230,3,168,-1,10001,3,58,2021,T65FL1TH,5
4ab,581,20212,2,51,3,10002,2,5,2022,J58HDUVH,2
992,d97,20232,6,125,13,10004,55,6,2021,4KAW4J92,2
605,b5e,20230,-3,68,-2,9999,26,11,2017,99BPFCQ7,2
76d,fd6,20228,2,68,0,10001,31,24,2024,K94W4VNL,3
bbc,d1d,20212,-6,138,33,10010,59,62,2015,LMSYVP12,3
940,29c,20225,6,56,-1,10003,18,2,2024,XCAG07E1,4
914,c7c,20229,1,117,0,10003,14,43,2024,IKP21DSP,3
ed5,5a5,20211,4,29,0,10003,9,0,2024,OJBRDQQ8,4
0ca,e01,20232,3,48,0,10009,3,17,2019,7X79DSGZ,2
29d,350,20225,4,173,0,10001,76,61,2029,EJPA5BMH,2
97e,b03,20210,-1,166,5,9996,59,4,2036,P0FWJGI3,1
775,c19,20215,3,64,2,10001,14,31,2024,4D2622VC,3
cc7,16a,20212,3,89,6,10004,21,40,2021,W76GDCOF,5
ba0,c10,20230,2,90,2,10005,10,12,2028,X07MDWF1,0
4d6,135,20212,3,116,2,10004,14,30,2021,R44CLP64,3
41f,cf4,20221,3,80,0,10001,21,10,2026,K01XJCDH,1
933,d6c,20211,1,101,2,9998,29,7,2024,J8P2VL21,6
07f,a7e,20226,0,102,-3,10001,48,14,2026,CGZKC7UJ,1
269,4b0,20222,0,62,1,9994,0,5,2021,X6UEXD19,-2
e26,47c,20231,-1,44,9,10003,2,20,2027,RJ6G89UB,0
665,f05,20233,3,104,2,10003,33,8,2017,W8KM722N,4
06d,e2c,20217,2,150,1,10005,37,65,2020,1LVUB6TI,2
f69,b6e,20232,3,147,-3,10002,11,57,2020,SMCSHZD8,3
226,0b2,20233,-1,107,3,10002,7,17,2017,TQS0DGSR,2
f7a,ed1,20229,8,42,2,10003,0,15,2027,VBMRIDYU,3
93c,d86,20219,7,142,2,10001,22,51,2025,V6C7P01Y,4
185,4bc,20225,0,53,12,10002,7,8,2022,O9HX4OPX,4
7aa,f5b,20234,2,30,1,9997,19,10,2022,5IRNOGS3,2
6fc,3d5,20222,0,64,14,10002,10,31,2021,Z5TN02IV,3
800,7c4,20233,2,98,3,10001,40,45,2019,JANW3YU6,3
82a,239,20224,7,171,3,10002,69,9,2020,76HXNN1C,5
b02,58c,20212,1,42,1,9999,4,7,2020,H72SYNK7,10
e5d,c2e,20222,3,34,7,10004,0,6,2021,O5AH1FX3,3
a5b,d02,20212,0,122,5,10001,16,5,2014,RHL1HK2S,1
0e7,25b,20222,4,111,1,10002,37,10,2023,YS6KT0WI,6
9a8,2d0,20214,3,63,-1,10000,31,16,2020,XZ9F5AKT,4
0b8,972,20230,3,39,-9,10003,17,3,2022,Q4SCJMKV,0
8cd,141,20214,0,170,-3,9994,82,28,2024,F9YHPBFC,4
aea,df4,20225,5,129,4,10002,52,48,2026,0NMOBH0W,0
b3a,ff0,20231,-1,171,-2,10005,32,5,2021,A20BY88T,2
55e,dd7,20222,1,129,6,10002,30,36,2023,1VD0TICF,4
34a,b68,20234,5,121,0,10000,60,8,2023,BUY8CUHB,-5
501,6b3,20214,-1,120,1,10003,13,34,2022,SUV0GQXI,5
750,271,20230,2,169,0,10001,85,25,2018,DGHQNVN2,1
dcf,1b4,20214,2,106,2,10011,38,25,2016,0I867AKH,5
895,2f0,20214,-5,71,-2,10002,21,17,2019,WRBB2QN9,3
34d,00c,20227,5,66,0,10000,8,13,2019,UV5FO0JD,3
13f,7ce,20236,3,132,-1,10002,49,21,2031,VFWYICPQ,6
75f,9d4,20212,3,61,-1,10007,28,17,2023,ZFXTVOH1,4
089,aee,20215,0,114,30,10002,22,28,2021,IT5PUP6E,3
7c2,912,20230,-2,112,-3,10003,32,33,2016,1VIS1G9G,0
e3f,c18,20233,-1,55,-1,10000,23,15,2023,GXY2XQRE,7
3fd,315,20231,4,109,3,10000,12,52,2021,3HVUWBWR,3
25f,d5a,20212,0,73,6,9999,25,16,2020,IO1VPH2E,4
2c6,b20,20229,1,70,6,10002,26,23,2018,WH1IUOV0,9
a27,b11,20225,2,147,0,10005,18,6,2020,7VS6ZXYD,1
609,033,20211,0,125,3,10006,8,54,2025,87XJCK8Q,1
a01,343,20217,2,173,-5,10002,22,7,2023,S6J3SA4E,1
e2c,747,20221,5,46,1,10002,3,8,2023,0FH4IYWQ,0
527,e8f,20209,4,122,4,10004,27,7,2025,W9TH7FDG,0
fef,64f,20222,-1,148,0,10003,31,11,2019,CSNJL5IQ,2
b2a,c8f,20209,2,70,2,9998,8,11,2024,DRMVR3JU,4
d81,38c,20208,2,54,0,9999,18,11,2019,YON58RGU,7
358,f19,20234,-3,113,2,10001,15,2,2024,G6GLG4G2,6
2cb,877,20233,-5,41,0,10000,17,18,2024,HO3MLAFC,6
277,906,20229,1,68,1,10001,8,10,2020,4HSID75C,3
ad2,c87,20227,2,127,8,10003,53,43,2021,D6IDZ3AL,3
2ee,02c,20209,9,93,-1,10005,33,2,2017,LDPTI481,7
6b1,013,20212,2,171,-2,10002,30,47,2024,BPSGFH7L,-3
838,f94,20216,2,57,2,10000,20,7,2022,JV0NBKMT,2
338,87f,20232,2,105,0,9996,27,4,2026,C4QV1X7I,1
805,8fa,20230,6,163,-3,9998,17,82,2021,VVXAHB07,1
7b7,0bf,20210,6,172,30,10004,4,32,2024,TOBF7RIN,5
76e,ec9,20210,3,180,-3,10002,96,65,2023,NNHF3A6L,2
e50,9c1,20213,2,157,-3,10002,70,49,2020,U5NDI9IB,13
b91,09e,20212,2,144,2,10002,14,51,2025,R118OI8O,4
132,dd9,20220,3,175,-1,10001,52,0,2019,LXFZBNZW,2
148,a57,20231,6,76,-3,9997,18,8,2023,AD6ZMHHW,8
04d,5b6,20221,-4,31,-3,10002,11,9,2022,ZM9DS9PE,3
c2b,1b1,20225,3,155,4,10003,45,54,2023,ZRD1M1R6,3
ac5,e8e,20223,3,153,8,10005,11,47,2015,PFZIO4CE,3
4da,4f6,20209,2,180,-1,10010,69,62,2018,YQEBONIF,3
c7c,053,20224,5,127,0,100000,5,36,2020,1AFORA3C,5
30e,eed,20224,0,47,3,9997,22,14,2021,IR8UHAFJ,-1
4f0,c68,20222,1,124,2,9999,27,19,2023,SWNY7H3X,0
5bf,f14,20236,9,126,-2,10000,21,13,2020,EPKSIMUJ,11
53c,621,20226,-5,110,-2,9999,30,10,2021,LDI0X39H,4
d4f,337,20212,3,67,0,10010,32,23,2022,H4EP0OTI,5
153,a5f,20216,0,33,8,10005,12,3,2017,8L2C064Z,3
4d1,5b7,20228,2,175,-1,9998,88,60,2020,29U830BA,-2
9eb,bb9,20209,5,113,-1,10002,17,38,2020,SNZP2OIL,3
a12,0e3,20226,1,64,-7,10000,6,26,2021,5ME2ICG2,8
bd7,088,20233,2,96,5,10001,27,40,2021,ZE02S62X,4
b11,1ec,20209,2,175,3,10000,45,39,2025,79VR7GSF,4
9a0,0e2,20225,7,46,1,10003,0,18,2022,KOTJSOUE,3
c08,651,20234,2,109,-5,10007,-1,0,2023,VRN4T4OW,2
33f,e00,20221,11,131,-2,10000,16,31,2022,DROM8H7R,2
e1c,94c,20225,-1,76,6,10002,-3,12,2014,5FT1ICB3,3
bb8,c05,20213,3,69,12,9996,-1,13,2022,PLU6I788,4
0c2,eec,20209,-2,164,-5,10000,32,36,2024,KMAM4G1L,0
680,614,20227,4,172,3,10008,77,30,2024,9YBOPPW4,3
b57,467,20213,5,139,8,9998,21,56,2024,4YF1DL4B,4
0fb,b19,20214,1,41,5,10001,15,5,2020,OB0XG6FG,2
f44,215,20233,5,90,-1,10001,7,8,2022,QFZ12JY0,4
60c,ea3,20207,2,55,4,10001,19,-4,2024,1E70DPPT,7
287,38e,20210,4,92,3,10001,41,47,2022,GE1TTP4A,2
2eb,7fe,20225,4,104,26,10007,18,14,2022,BGSW4MS2,3
4bf,d34,20216,2,56,1,10000,2,26,2021,XOE2BTWT,2
d62,474,20231,2,122,4,10000,16,45,2017,12N3E2AQ,1
e2d,082,20204,6,63,0,10002,6,21,2021,CBCA3P36,8
064,47b,20231,-1,123,-2,9999,9,35,2026,FZ9JNQ1P,4
014,e5a,20224,6,145,1,9998,23,69,2017,833CCIHL,2
821,2ff,20234,5,68,-2,10004,33,16,2021,GK0C9O0G,4
b1e,ba4,20228,2,55,0,9997,9,24,2032,0P1ZZPZY,4
33b,43f,20213,0,171,0,9998,44,82,2020,W3MJEXIK,2
58e,6dd,20230,1,51,0,10000,15,25,2021,ENHXF5WV,9
542,e7c,20211,1,84,0,9999,18,17,2023,7OY5UD23,3
ecc,83d,20233,5,177,-1,9997,66,24,2021,CCHMSLBD,3
fe5,df2,20231,2,66,0,10002,35,20,2021,6NICY8BK,5
c2c,d3a,20235,8,140,0,10000,40,14,2022,BUC47HOR,-1
3e6,cd6,20210,0,97,3,10001,10,12,2018,3D1RCBAT,1
c2d,973,20233,0,129,0,10005,18,22,2023,62NCM6P1,3
c19,022,20234,1,77,11,10001,37,13,2019,TFKTV4QO,0
ecc,6b9,20213,0,112,2,10001,1,31,2023,Q5VZ04KD,5
5e3,ce6,20222,2,147,33,10001,38,6,2021,9FMBJMAT,4
90e,9c2,20230,-4,74,-3,10010,37,-1,2023,CM58H6BT,-1
daf,e6b,20222,1,163,2,10001,55,52,2022,R1Q7A96N,3
dfd,d4a,20214,5,56,0,10004,7,-1,2023,C9WN0C75,-1
e1a,416,20229,-9,103,-8,10001,52,4,2023,791Y5S7Z,8
711,b03,20211,1,135,-1,10003,9,63,2022,LTBX0Z0K,3
01e,18a,20216,4,104,-2,9999,27,31,2024,CND4AGM6,2
38c,2ca,20237,4,60,-3,10001,30,7,2026,ET4O92AR,7
05d,158,20222,1,121,19,9999,40,22,2025,JGWWAGY5,2
e67,ed9,20241,-1,104,18,10000,37,40,2030,XDZE0TBH,2
222,0b6,20225,2,84,4,10001,24,36,2021,9CFPNAD9,5
575,e44,20225,3,136,-3,9999,58,76,2022,3WYRABDG,3
3bf,c45,20221,5,141,-2,10000,65,7,2024,Q9XCZF0M,2
9d3,9bc,20219,-1,67,1,10002,0,7,2023,M0JEOSLP,2
002,d8b,20219,1,121,0,10001,2,31,2019,MHQWGCNF,2
1d5,3a1,20216,-10,64,0,10001,21,14,2021,U4ZXC512,-9
f70,679,20215,6,144,7,10001,35,35,2017,IUXRWGYM,5
002,c7c,20224,-1,107,0,9999,43,7,2021,B69WM02C,6
0d7,a2a,20219,4,167,-1,99995,49,76,2025,NG80KI9K,2
b07,be3,20220,0,108,19,9999,44,41,2023,1QZTIGCC,3
457,863,20233,4,71,-2,10000,13,4,2020,AB7M8OOT,4
588,5f7,20214,0,23,-2,10003,-3,7,2023,JCKBY1JT,0
0ef,c7d,20230,-1,124,-6,10002,38,18,2025,QWWF9K0S,5
ae9,e0a,20231,5,175,-1,9999,81,21,2020,FN07VLKZ,2
1bd,6dd,20221,1,112,-1,10003,55,59,2021,JZ5NLAOT,1
0f1,b3e,20229,-4,138,2,10000,20,18,2020,TBA40ZDZ,2
c2e,21a,20231,2,123,-1,10002,1,61,2027,UJ24JP0X,4
e15,6b3,20211,2,99,-7,9996,43,43,2021,1W5RC4R4,10
d5e,943,20215,0,79,14,10004,26,24,2023,NNKO5HNR,1
7a5,909,20218,4,52,4,10004,15,15,2018,Z3TQQY93,3
131,a9a,20223,1,65,2,10005,30,17,2027,BS7VVN6N,8
892,e35,20233,-1,133,17,9999,30,40,2021,0U7VFFR2,1
060,e38,20221,2,80,-1,10000,24,38,2019,IIYCPPFD,2
5e6,8a1,20224,1,74,11,10001,13,33,2020,7AX0W1NK,4
c0e,3f8,20234,1,34,0,10003,3,10,2016,Y032SJXO,10
052,8dd,20232,2,45,1,10005,14,13,2023,PKJJTIBA,2
827,41f,20233,1,46,5,10003,20,-4,2020,Q6OO1CUG,4
cab,87e,20213,2,116,-4,10004,33,8,2023,6TBL5MOJ,4
983,38a,20233,4,48,9,10001,12,8,2024,D2N440D7,3
84f,4fa,20232,2,144,7,9999,28,42,2021,Z9QX41S8,-3
173,4f5,20213,5,69,3,10001,14,24,2024,VLZOSDOO,4
678,702,20231,2,103,-5,10003,35,27,2019,P25N8CIY,-1
10b,c72,20225,-5,90,0,10002,44,31,2019,E0VLNOPL,5
e02,dcd,20211,-1,119,1,10004,46,19,2022,TWU2KW3P,4
755,9c0,20222,1,41,4,9998,9,17,2022,DZ1Q4DM9,3
aa8,eac,20224,3,55,1,10006,22,15,2027,W9LTU9NH,-9
dda,d0b,20214,3,58,4,10009,19,21,2022,5JL0XBGQ,9
f5e,739,20210,-1,63,0,10002,5,28,2021,MUVND51M,5
836,19f,20212,-4,119,-2,10000,26,35,2018,31V7OSYC,18
b75,0f4,20234,2,50,0,10000,8,16,2023,R5HG7IH9,0
501,f11,20231,-1,127,-2,10007,16,-2,2021,MOJEOGVM,2
f29,389,20233,-1,89,-2,10004,31,17,2022,44VAKOP2,2
ffa,833,20222,0,114,1,10003,30,44,2025,YV9P22DN,8
b3b,0fa,20219,-2,69,-1,10001,17,32,2024,FLJ8U6O8,-1
97e,edc,20220,3,121,2,9997,12,52,2018,VN7YBNCE,2
07d,da6,20242,0,163,2,9993,65,75,2022,5LMM7Y86,3
616,e4b,20229,3,77,0,10002,2,11,2024,T5CLOO5D,3
2b2,a54,20213,2,93,2,10004,42,33,2023,KQMAEKWY,3
35f,b92,20211,2,113,0,10002,12,0,2023,SROXES29,7
cac,fcb,20213,3,152,0,10002,58,23,2023,9PEQYBRJ,4
895,908,20212,3,145,10,10007,11,65,2027,P1JVQN2B,4
392,42c,20213,3,81,4,10001,-1,9,2024,81M913JQ,6
673,c5f,20219,-1,106,2,10002,4,42,2022,7W3AQNEA,1
78f,d73,20224,3,115,-1,10000,29,31,2024,M5FCLJVC,5
661,5a5,20233,2,77,6,100001,33,27,2021,911NVEKY,2
910,918,20217,1,52,1,99996,27,-3,2025,JPMH95DY,-4
377,a63,20238,1,147,0,10002,62,73,2021,UCWBPGGM,2
3a3,48f,20207,4,70,-4,10001,34,33,2025,0UIZ3MRR,1
1a6,06e,20231,3,94,1,10000,21,11,2021,RTOG1LXG,3
949,83d,20213,0,129,1,99997,17,15,2026,TRN7O5AQ,2
fea,b4c,20222,2,114,0,10003,47,21,2023,3KTXL7LO,5
dcb,2bc,20210,4,163,2,10002,48,69,2023,AOQFXWQX,3
b0d,99e,20225,7,77,3,10006,39,27,2026,N1J2B1MG,5
3da,793,20211,2,33,-6,10000,10,2,2019,YH7CQDEU,3
2ab,ccf,20213,2,33,8,9998,7,0,2021,NXD3LL7M,2
92d,e40,20211,4,41,8,9998,13,9,2024,8UUD6PHS,0
363,e2d,20221,-10,78,0,10003,20,33,2018,URQW2O5P,2
65b,30e,20234,5,141,1,10001,28,-4,2031,H269EGBG,1
2be,313,20233,3,169,-1,10001,64,60,2008,Y5BA5455,6
572,77d,20217,3,163,-2,10003,45,65,2019,8XW1DG39,5
72f,78f,20234,4,142,27,10004,40,29,2021,JL44YGAL,3
049,e71,20214,8,155,41,9999,69,55,2021,M26VJOXV,4
6ea,add,20220,0,81,-3,10001,19,20,2020,DY8LVRT7,3
bed,d0e,20215,-1,51,2,10005,10,9,2025,BMUPSX2L,2
4d2,54d,20216,2,108,26,10001,4,49,2023,RGW71QEK,0
9e3,cc6,20211,2,156,2,9999,3,43,2022,C0J6J24Y,4
23d,738,20231,1,128,0,9995,35,13,2015,8RBPOINW,4
f29,b43,20225,6,122,-1,9999,11,22,2021,LVK4JJ8L,1
b7c,595,20211,3,76,3,10003,28,14,2019,UIIA1EL6,3
b71,da7,20210,4,116,3,10007,20,1,2016,31N1W5W7,2
ed1,bf4,20226,3,135,2,9998,39,5,2019,I8XI0TCC,12
dde,e83,20212,-2,43,1,9998,14,15,2025,HKQOKVRL,1
283,aa2,20212,7,134,0,10004,9,35,2022,VKG1KTJD,0
c2a,0d4,20233,2,89,-4,10004,9,34,2023,E87JP4JS,2
edb,d3d,20228,3,50,-7,10001,24,5,2020,G3LHWMI7,3
43e,efd,20221,2,43,-3,10002,8,4,2021,SIRUTZV8,12
5e0,2f3,20227,0,150,11,9999,28,23,2025,7VVR2TUY,3
149,2c2,20223,3,158,1,10001,59,40,2021,AZODPJ0E,2
6a9,bb1,20225,4,72,-3,10005,15,19,2022,TQ7FKYVF,4
d85,ef8,20216,14,47,-1,10000,18,22,2024,NN3IE4KV,5
457,8aa,20215,1,72,2,10001,17,36,2026,L247FQOF,6
933,9a4,20233,-1,35,0,10000,17,4,2023,VXMZFS4V,0
7ae,e3d,20214,3,58,-3,10001,31,12,2019,GAQIEZRP,7
170,194,20211,10,78,0,10002,20,22,2019,2QEE3VQY,2
326,a2a,20233,4,109,1,10001,30,21,2027,RS1KZG5A,2
9b5,c4c,20212,-1,166,1,10004,7,22,2020,KWCNB7N9,3
2a1,761,20211,0,72,4,9999,-7,10,2022,BVUMYNVN,4
4a6,428,20213,5,39,-12,10001,5,16,2019,NVTFLKH7,3
153,345,20231,-1,177,1,9998,30,80,2021,U75ZMFJB,-10
f12,bc1,20215,-1,137,22,10002,19,22,2023,KZOYPYA9,2
8bb,297,20223,4,111,-1,10001,33,11,2019,Q7KIUACB,5
8a2,dc9,20232,2,131,0,10002,13,1,2024,E2E802XG,5
3b5,193,20225,5,119,12,10001,32,56,2020,QJ0VJ394,1
a3e,98e,20229,-2,143,-1,10000,4,6,2024,6Q7Y9QJ6,5
e58,f9d,20213,0,179,-1,100001,88,67,2022,3D6NMZ5P,4
5e3,fbe,20221,0,117,8,10004,58,27,2022,X1F942H2,2
9e4,ad7,20220,0,128,1,10005,20,21,2021,9L4PT43E,5
3de,ac3,20213,5,134,-1,10010,69,53,2023,ECDI6NVU,9
874,edf,20226,3,110,-2,10002,53,8,2024,NUH2B9GA,2
8fb,f3f,20210,1,179,-1,10002,52,81,2026,UY7S32SC,4
df4,ac7,20214,0,179,1,10002,8,4,2022,PW5FMLBJ,6
75a,789,20230,-5,54,4,10007,13,27,2019,F64ZE5Q6,1
65c,53e,20221,2,111,2,10001,21,23,2023,1S0377U9,3
343,e22,20220,-1,88,3,10000,16,11,2022,S5GVHFM3,2
52e,3f4,20213,2,65,-2,10003,9,11,2016,QWVB5904,-3
e13,69b,20215,2,171,10,9998,47,4,2024,YIK46QVO,2
947,4cc,20211,3,60,5,10002,25,13,2020,FQTM5OGB,3
c1f,de7,20221,3,98,-2,10005,49,3,2021,ID7LOZ0W,3
902,758,20218,-1,109,5,10001,24,48,2020,KCZ033F6,9
6e1,bfc,20211,2,31,3,10001,4,8,2014,J3XINAE5,0
332,971,20224,3,118,7,10002,42,19,2019,ZD1VUTYY,9
23c,d55,20227,4,60,-8,9999,5,27,2020,Q4BTXLN5,4
232,3c6,20223,1,60,1,9994,7,27,2017,7S397ZR7,4
d49,03b,20221,4,150,3,10000,55,64,2021,9KPYJHUF,3
32d,ff5,20216,3,55,-4,10001,16,3,2023,LZNAXX9I,2
85f,5c3,20225,3,154,2,10005,1,13,2026,Q5UGJ364,4
2da,700,20225,3,67,5,10000,24,6,2018,J7TWI4QZ,3
3b5,cbb,20222,14,53,3,9999,21,7,2019,73YBZ3VL,3
a83,e29,20235,4,84,-1,10001,30,14,2021,7RF4LUWS,3
90c,3f3,20234,2,123,-4,10002,43,11,2025,C4WHICCY,4
5c4,8ab,20226,0,94,13,10000,27,37,2019,VT17CA6N,5
121,783,20234,2,133,-11,10007,23,35,2023,V2K9EF7O,3
20f,ad6,20212,2,170,-2,10001,17,63,2022,ORWXJXHL,5
645,a61,20212,0,71,1,9999,8,19,2021,F912JV60,4
3ba,b8f,20214,4,132,1,10004,31,52,2019,AEENM0W2,3
811,b9e,20213,1,147,6,10004,22,34,2022,1XGAA95Q,3
7f0,3f5,20226,3,161,0,10002,66,4,2016,VD57DA1M,2
a22,323,20212,4,78,-11,10004,39,23,2025,T5YIIUBW,5
71e,196,20216,-1,76,-4,10001,33,4,2022,BTU4QXF4,4
ff4,01e,20223,2,160,3,10000,2,43,2013,N6K7X6KB,8
35b,298,20232,1,161,18,10001,67,50,2024,HQDAX7AC,7
e37,1ff,20240,2,166,1,10003,43,55,2022,EZLUSZT8,2
d71,093,20217,3,57,6,10000,10,26,2022,JCN4PEKS,2
1f5,868,20228,1,169,1,10001,77,-2,2024,BNXTOCQ6,4
c4c,fb2,20232,5,58,-1,10001,7,0,2019,4N20YBGU,4
50c,1f0,20237,0,160,1,10000,66,10,2019,76BGJB88,6
29e,a60,20221,1,144,4,10003,53,12,2023,0UICV78T,2
f67,2f9,20230,0,110,-1,9999,30,40,2018,7BQREO8G,5
a8a,d83,20219,3,132,-1,10000,52,31,2028,NORS6SWN,5
b4a,4a4,20222,3,169,0,10003,46,80,2024,DO04T0WA,3
ce5,e2d,20211,2,40,1,10004,3,10,2019,VRR5U8WU,5
ae4,5a1,20230,0,153,30,9997,72,-6,2021,1A4QGYJ9,2
7a6,476,20221,4,127,-6,10000,58,54,2023,IEAMLC98,2
17e,8c5,20213,2,96,-1,9994,36,15,2023,Y7YD2EVY,1
eae,41c,20222,2,40,-1,10003,10,4,2022,32HR1FCF,2
c1d,43c,20229,1,58,-4,9999,27,21,2023,4VXYNQUI,4
8fc,f79,20235,2,71,1,10003,0,29,2021,360QDQ5C,6
147,789,20227,4,173,-1,10005,51,2,2021,DCR3D4F6,3
2f3,f48,20212,2,88,-1,10001,7,37,2022,2A5QA371,-2
b58,412,20232,0,133,-1,10002,30,45,2019,TV5APZ44,0
b94,cd0,20221,4,142,0,9997,71,56,2020,BN9R038R,5
fd0,a70,20212,2,117,5,10001,32,34,2022,3STJXA22,5
817,915,20226,1,159,2,9998,26,6,2020,2KOFMPDJ,8
f20,536,20235,7,145,1,10000,72,35,2028,XVMFE52I,5
d96,fe2,20209,2,136,1,10001,21,38,2023,GPSOLUAZ,-4
5a7,788,20223,2,43,-1,10002,12,19,2022,QCM40HU0,3
3ee,6a3,20220,2,118,-1,10001,58,26,2020,T4629TVN,3
b9f,92e,20237,9,74,-2,9994,28,21,2022,Z3VZJXV5,1
c02,d99,20213,3,154,0,10001,33,48,2022,YITG544S,4
fc0,426,20213,3,90,1,9995,9,35,2023,2QO8PYBQ,3
19e,6bf,20235,0,130,8,10009,9,42,2020,8EQLPKR8,4
9fc,75d,20229,1,150,0,10002,77,58,2023,1XHBLIEW,-2
621,8a2,20223,2,162,4,10002,45,21,2021,UUVQOS4F,3
46f,16a,20218,2,50,1,10002,11,10,2023,0IPQN9GE,4
4f2,a57,20225,2,45,4,10001,-2,24,2021,5H8FW5ES,5
242,fb5,20219,6,77,0,10001,8,32,2026,CD0IS3SI,4
66f,76a,20231,1,162,34,100000,28,4,2028,4PGP97AP,3
d5c,082,20232,-1,95,0,10002,42,27,2021,X7S4KO40,7
6b6,7fa,20238,8,112,2,10001,29,25,2019,91MMWGZN,3
1e3,ff4,20211,2,161,0,10008,25,28,2022,83CUKEVJ,0
418,0a1,20232,2,74,0,9995,21,28,2022,19FSRE8P,2
073,6ae,20209,2,166,-1,10004,51,71,2022,F655HKLV,1
b4c,e1b,20214,2,112,23,10002,3,8,2014,29AY65OT,5
6cf,5c1,20222,2,68,0,10004,26,5,2024,1IBPB5Q2,4
18d,6f2,20233,7,40,-3,10000,19,0,2018,2VBTCGTJ,3
009,1fe,20232,2,34,0,10006,-1,11,2022,LMQ69DPF,0
0ae,ebc,20219,1,153,-6,10001,17,70,2020,R7KVBXIW,3
3fb,418,20212,3,40,7,10000,21,7,2021,CXMBDDRG,5
9a2,ae7,20220,0,52,7,9999,12,26,2020,VGYX6SSM,-3
c05,5a1,20211,2,150,9,10004,65,37,2017,JZMUSCAY,3
ea8,dbe,20232,-2,52,1,10004,23,2,2025,7Z3HMKGT,2
98b,464,20216,3,109,-5,10001,20,46,2022,EHYG1NQG,1
8fc,389,20209,2,61,6,10004,30,10,2018,XNLTAN6C,2
d81,9d6,20228,5,41,1,9998,4,0,2025,28ZUSGFH,5
7f3,a97,20231,2,148,1,9999,31,51,2020,DXYOEZDB,6
4fe,ad1,20224,3,146,1,10003,5,72,2022,ZNLFGJGH,8
44b,b8d,20229,-3,53,-1,10002,23,11,2022,H5AKT9WV,3
58e,637,20212,-5,173,1,10000,46,22,2021,MRD02D5S,2
ed4,6bb,20213,4,81,9,99999,16,17,2023,EBAT3IM2,-2
697,396,20231,2,145,4,10003,32,35,2022,AMVJBKRH,1
3ea,3bc,20214,2,115,12,10000,22,46,2022,QBX3JAH9,2
08e,d25,20209,2,119,1,10003,17,20,2021,NDLDWQNJ,2
c36,115,20231,3,170,-6,10002,75,4,2017,AP83O1QB,7
ca1,d6e,20235,1,43,-2,10004,3,2,2024,KFOB723Y,2
778,18e,20215,4,83,18,10006,41,5,2020,TYO3C5R8,2
bf0,927,20231,5,67,-1,9999,20,19,2026,IP58WDEI,4
023,768,20220,1,171,27,10002,10,8,2020,R75FHWRS,5
9a1,704,20214,1,167,-2,9997,0,42,2016,4CZ21E3Q,-2
4ad,8ef,20211,3,125,2,10001,24,29,2021,MMIUA8G4,8
ac7,9cf,20210,0,45,2,10001,6,11,2023,DXAERRAG,-2
053,49a,20230,9,39,-2,10005,18,16,2023,7I9X5216,6
3d2,841,20214,2,47,3,10000,15,24,2023,L8V1QV6Q,5
9a1,079,20238,1,131,2,10000,13,60,2028,5WZR7LVM,1
2a5,f99,20215,3,107,0,10004,53,20,2021,NW0JUFF0,2
cbf,72d,20232,0,159,-2,10002,76,42,2019,RFOYJWWX,6
e04,63d,20215,0,58,1,10004,1,22,2022,VT33XGLW,3
4d1,e65,20233,10,128,0,10001,28,42,2018,VCGGXSIV,3
cbb,33d,20212,4,131,1,10000,14,41,2023,P2S58NK3,3
488,427,20233,2,162,2,10008,37,5,2020,TO2Y9TW8,6
e0b,00a,20218,4,87,-5,10001,21,8,2020,LQW69CB6,3
02c,471,20214,-3,66,0,10001,17,27,2021,GADIG7QP,-1
7d2,4de,20209,6,76,3,9999,19,2,2022,5EZHDMLO,2
653,961,20218,2,76,0,9999,2,5,2024,92YQ0YY0,2
ff8,0ba,20211,4,127,-4,9998,42,3,2024,BV1M041M,1
f06,59f,20224,3,147,-2,10001,21,24,2023,4DP6QKBC,0
b32,7ce,20226,2,61,0,10011,4,22,2024,TMNWTGZG,4
fef,4d2,20218,2,37,1,9999,6,14,2023,XI85KDMP,2
4d8,4a8,20214,3,124,0,10001,24,11,2026,N23N4NOO,3
15f,9bd,20232,4,125,16,10001,59,30,2021,5R8RQMNW,0
888,739,20222,0,90,3,9997,16,27,2017,EXTR0RUV,7
7fd,01b,20221,0,122,9,10001,38,42,2017,I1G8SDN0,0
99d,8fc,20223,2,96,0,10001,49,6,2020,GQIBUVUU,0
a6b,41e,20223,4,83,-1,10002,25,26,2019,5HI38D4H,0
b61,eef,20212,1,53,0,10006,27,20,2027,ECWQUJPR,2
a74,097,20214,1,170,1,9999,80,56,2025,EPSNZ8YE,2
ed2,839,20224,3,149,0,10000,24,44,2014,JSH4OYJF,0
ad7,7d7,20222,-3,142,0,10002,56,52,2021,44PQIE3O,3
da5,038,20223,1,49,3,9999,12,24,2024,N90W33R3,3
902,9bc,20229,0,79,1,10003,35,5,2020,GOK8U98N,8
d34,c82,20232,4,108,2,9998,41,26,2020,X1GSZA5U,6
770,a86,20233,-3,35,2,10000,6,6,2019,UG2E0S6S,1
914,a74,20221,-1,126,-1,10001,58,8,2022,A3OHBTLS,3
a7d,eb5,20217,2,172,4,10002,56,32,2023,YY61J8MA,0
95c,371,20211,-1,67,1,10002,24,4,2022,JO40BABG,1
a52,4c4,20215,0,108,0,10001,46,53,2022,59RX89R4,1
0d0,df5,20213,3,166,-2,10001,5,19,2017,PPXB0S9U,0
035,908,20231,3,35,3,10006,17,2,2019,P1J11RFU,1
b17,a14,20214,2,100,0,10001,45,43,2023,LDT6ID23,5
0dd,6ec,20222,3,100,0,10000,11,5,2026,HMVESWGB,3
a5f,b8f,20214,1,144,0,10002,45,59,2025,24P1KOIY,0
546,cbd,20209,0,128,29,10003,20,40,2016,HBHCQFO4,-2
470,cd7,20215,3,83,2,9996,11,40,2021,516Z3D52,4
340,89c,20209,3,133,3,10003,21,8,2018,YMR0LQB0,4
1e3,e50,20221,0,112,1,9999,27,52,2018,RIH116FZ,4
2d0,e39,20210,0,40,-4,10002,12,13,2027,522BBR1U,3
5a1,d8d,20217,2,101,14,10005,49,5,2019,ZSKKFPV1,-3
65a,1b1,20233,3,65,1,10000,3,8,2028,M8YGBEUV,0
b53,edd,20214,5,160,21,9998,48,29,2025,YKIPSG8B,3
b62,e59,20233,-4,153,22,10000,57,70,2020,38UU22S4,-1
eac,a25,20222,5,154,-4,10000,27,8,2020,KDXMK92F,1
14b,db2,20230,3,107,-1,10006,54,46,2024,HO9WL7R9,3
ceb,872,20212,0,170,2,10006,88,-2,2023,7UQ5KLP4,7
a19,a81,20212,2,60,3,10003,17,11,2030,AZ6NBVF1,3
3d0,887,20213,1,36,-3,10001,12,10,2020,65VKNGS7,-2
67d,b64,20212,3,92,7,9998,35,36,2021,UGIS6R3V,3
b4a,544,20230,3,45,1,10000,15,18,2026,AQDNLAWT,5
2d6,ba7,20212,2,29,-1,10005,8,-2,2024,F6PILXK1,6
f05,aa9,20209,-1,33,-2,10000,5,1,2020,PHP8BCNW,1
104,c55,20232,3,165,17,10004,58,50,2019,GISG8GDN,2
bf4,9a2,20220,2,147,-1,10003,68,4,2026,NTSZYNFO,2
895,4f7,20211,3,70,0,10000,21,30,2022,QOZQUHQF,2
dcb,25a,20224,2,45,0,10001,8,-2,2020,MIKRKOHF,2
3de,677,20232,-1,86,-2,10003,0,42,2022,2AVLV8UJ,-2
514,d42,20209,3,131,-2,9996,68,59,2021,DQB5C2MZ,4
faf,3da,20211,2,84,1,9998,6,17,2022,022U2FEA,1
81a,b4f,20209,-5,59,-1,10004,8,18,2020,M889HCPP,6
743,b7e,20236,2,62,2,10004,24,29,2023,O5B5IJ1V,2
4f7,41e,20224,4,122,0,10003,12,12,2017,QCO5HYY4,-2
5d5,5a0,20223,-2,86,-1,9995,23,11,2022,82MGQ3H4,6
fdb,4a4,20214,4,81,-9,99991,4,2,2027,30UGYABF,1
ac0,6f2,20211,4,68,6,10002,18,36,2022,S6WK1RTQ,8
194,838,20224,2,44,6,10003,-2,12,2020,UIY01OXD,3
e9c,f56,20234,3,96,6,9999,7,42,2024,C3OEC5D2,2
c9a,175,20233,4,84,19,9994,28,-9,2018,HXWC29E5,4
7a5,47f,20217,-3,147,26,9999,8,56,2020,J6XWYUB4,3
c01,65d,20224,0,137,-2,10002,36,22,2020,FAK94FH0,4
a22,594,20214,4,160,3,10000,3,38,2028,FMZ86BRA,4
917,7c6,20224,4,45,-2,10003,16,8,2018,EX9FZYLU,2
4fb,8af,20222,-1,101,0,10002,44,13,2027,1PQBPAD5,4
eb6,4fd,20224,2,145,1,9993,23,5,2023,FBLX0W9I,6
c71,432,20232,-1,130,5,10002,52,59,2022,OHZ1J65N,3
3f8,7b4,20221,4,69,4,10007,4,37,2018,5IVX8XRT,5
e6d,d67,20240,3,166,1,10001,68,11,2022,78TA4HN3,1
490,ed6,20218,1,50,-1,9999,-4,20,2022,B0XL4266,3
789,577,20237,5,110,0,9996,17,35,2023,SJTG69I7,-3
142,99a,20229,2,161,-2,10007,70,80,2027,WD3LKXLW,0
7b2,d15,20223,1,86,0,10001,27,43,2015,N4Z4URI4,7
41c,86b,20223,2,147,-1,10000,33,72,2021,UIGRMV71,2
179,090,20245,6,162,1,10001,63,1,2020,3BNYFNBI,-1
f94,bcf,20213,2,38,-1,10004,10,4,2021,EZJFH0ZX,1
0b1,108,20230,4,159,-1,9989,25,26,2022,KESTSGVK,-1
f29,6aa,20221,1,104,18,10004,33,1,2025,URFKMRGP,2
6f1,9d4,20221,4,132,-1,10001,60,60,2022,NDY97Y97,6
615,89c,20218,3,39,0,10002,18,11,2024,WE9TLCX8,-6
35c,dcb,20220,2,37,-4,10000,1,12,2025,P6WGQGG1,2
12a,225,20237,2,146,6,9999,36,10,2022,UORGCV7L,3
e5d,6e2,20234,0,35,5,9999,10,10,2024,FNW68PGT,7
dd6,f56,20213,5,39,0,10003,2,7,2020,LA2PUZD7,0
7e3,6d9,20233,4,73,-3,10003,8,33,2021,QCDN3ARH,-3
89c,936,20207,9,59,-7,10005,28,2,2024,UDN7P7AS,3
e88,ee1,20231,5,92,2,10000,22,25,2021,VR5HHDXF,1
989,459,20207,2,76,2,9998,27,8,2024,LVRZ4EE0,3
837,3ad,20224,2,84,-1,10001,29,0,2029,62LOVHNK,4
157,b32,20213,0,107,-1,10005,33,55,2031,6YUIASW6,4
37b,e3f,20208,3,66,-3,10001,17,27,2024,4WEUDWGP,2
bdd,c26,20210,0,147,0,10002,28,17,2025,741RBLNV,6
c9c,955,20208,4,62,10,10002,2,4,2026,X7R5RTKI,7
84b,306,20219,3,139,4,10001,17,20,2022,MTQ044PR,1
f57,949,20223,1,38,5,9995,19,10,2020,T01E91X0,2
283,e93,20221,8,41,0,10003,9,14,2022,Z1CG5ZTW,9
10c,088,20224,1,102,18,9992,3,5,2023,5XNQ5UA8,3
ed5,e7a,20223,12,69,-1,10002,13,20,2020,LECPAEH5,5
d44,5c5,20219,1,55,-1,10002,3,21,2023,402MMV9V,-1
e06,f0f,20232,6,130,0,10001,27,40,2020,1KXHTEPE,5
d01,d57,20225,3,173,-6,99996,4,2,2022,KAQHY0HB,6
503,458,20224,3,156,4,9999,28,21,2020,P3ZEB9WB,4
791,b3d,20212,2,169,-1,10001,33,30,2019,1B0GZSDU,2
642,7eb,20223,3,71,-1,10002,2,25,2026,Z32RD5BP,8
7d4,c2a,20222,5,124,1,10002,20,44,2022,PC5ERDKW,5
520,f8a,20225,3,47,2,99999,9,10,2021,DY3UU4PF,3
19a,15a,20226,2,30,0,100000,14,7,2024,9A0GJFEX,1
27a,6c3,20224,1,147,8,10001,44,67,2021,F683J405,4
648,f10,20231,1,177,0,10003,82,77,2024,VCLIW6WO,6
517,2c9,20223,2,172,-5,10001,90,79,2024,ITLGPUN5,5
095,85f,20233,3,145,6,10000,3,-1,2021,0W8HG7RQ,7
6d3,8b9,20229,0,99,-3,10002,2,38,2019,0023ULTT,4
89e,e72,20202,3,160,0,10003,54,27,2021,VM6DSGMU,7
238,898,20223,3,157,2,10000,9,17,2022,TQ3WD0VG,8
696,cc7,20213,1,145,-1,10002,17,26,2023,GQVALP32,0
212,f04,20237,-1,66,7,10002,6,23,2020,0WJYT9Z8,-1
b2a,dc1,20212,2,119,-2,10004,26,14,2021,OQV7ZMD2,3
b72,ab7,20224,2,62,-2,99999,27,19,2020,JS0XOB4T,8
1a0,44c,20210,0,128,3,10002,9,44,2019,SXO5NGYT,4
438,84f,20226,3,167,0,10001,41,26,2021,4L4VTGDL,0
926,c04,20208,1,46,-3,10005,8,9,2021,UZ9QOHQB,-4
593,19a,20224,2,125,-2,9999,27,64,2021,XE7YR1RK,5
822,2da,20231,5,103,1,9998,37,41,2021,5NMMJ90X,4
d86,a15,20238,1,123,4,9998,10,59,2022,N58XIM4W,4
246,36c,20212,5,136,-1,10000,60,23,2025,UMNOFWKE,6
c20,2c6,20208,4,77,-2,10000,18,25,2031,D65QRPSJ,3
58e,583,20212,5,161,-1,10003,47,5,2021,TTR9X8V7,6
550,18b,20229,2,105,-1,9998,29,33,2013,Z4AP9BFN,3
f96,f3d,20225,3,111,-1,9999,30,31,2021,YNT1FNJ4,1
18c,fbf,20236,0,166,-1,10009,38,29,2022,DWXNB2TZ,4
fc3,72c,20211,3,103,25,10001,36,28,2019,BOBB31Z1,-4
eba,5b0,20213,3,85,9,10001,8,-2,2022,MY5KI7CL,3
e40,31a,20210,3,171,-3,10006,81,50,2020,4AG9DHEY,-1
681,74f,20210,5,34,-1,10003,2,-1,2018,FX7BCFL3,6
0a7,73c,20234,1,98,1,9991,1,3,2024,47U21CC1,4
1aa,d95,20223,3,101,0,10001,1,11,2025,NGAWU5K3,3
2c8,c47,20240,-2,122,1,10004,23,31,2020,X7OZN17U,2
e59,928,20232,4,38,2,10002,15,4,2022,BRCPBE2I,3
375,310,20213,3,121,-2,10003,9,19,2018,6354XHR5,7
027,64c,20235,4,49,-2,10002,19,1,2022,WO80ZZZN,3
714,265,20211,2,150,3,10002,8,62,2021,KPY4EW3G,6
2a0,4f4,20233,2,90,4,10002,40,36,2024,Z5TXIULV,5
d3e,67a,20215,2,169,-2,10004,37,62,2027,1HVK234V,4
576,02f,20235,1,30,1,10003,12,14,2023,GZ3WKNYV,1
fbf,ff7,20231,1,136,0,10003,2,10,2019,QZPFPVA7,3
836,cba,20233,1,119,1,9996,44,48,2024,R1J8XDDP,6
558,f22,20222,0,45,-1,10003,16,2,2017,SEWVSIBD,5
058,6eb,20222,3,30,1,10004,0,12,2021,AURZOMGC,6
3f9,f88,20235,2,114,-2,10003,3,5,2025,LFPIISNV,0
ff3,27e,20226,-3,133,0,10001,1,63,2024,3Q8XSHJ5,-2
770,a34,20219,2,173,-2,10001,13,22,2017,1HU2JALA,3
615,c94,20213,2,106,-1,9996,46,19,2024,PSEKYN2M,3
56d,6a8,20236,2,179,1,9999,10,58,2025,GOSR8HY8,7
025,ff8,20231,3,91,-1,9999,2,28,2027,ZGFGFAV5,4
fe7,110,20211,1,30,-3,9999,0,10,2022,Y7ONK1FV,2
6a8,b7b,20222,3,131,-1,10000,62,2,2021,RXL3F8K8,5
dbd,462,20220,3,72,9,10000,1,21,2023,9IC78ZYB,3
7a5,d1d,20216,5,157,-1,9998,71,35,2026,NVJB67YE,3
c78,bd6,20234,0,38,-1,10002,0,11,2021,CURETYTP,-3
ef0,1e7,20226,0,120,1,9993,22,32,2024,LV7H9736,7
f05,1cd,20220,5,109,1,10002,21,36,2024,XADTGFFW,3
468,810,20225,4,124,2,10005,27,3,2021,XKY70SO5,6
469,050,20233,7,100,-2,10001,32,47,2025,44CBR2IP,4
e3e,d4e,20211,2,86,-2,10001,10,28,2022,O6RN6VWF,2
f77,12c,20223,1,104,2,10012,30,13,2022,JYT58LJI,5
370,040,20217,4,143,-2,10001,47,62,2021,R0CJ1G5S,4
f52,f5d,20233,2,99,1,10001,16,32,2011,GU17HDO5,3
777,ac0,20212,3,43,-2,10002,2,12,2023,3SCHRQ62,2
180,28a,20217,5,71,19,9998,21,21,2021,X7IEGKUI,4
6a5,78a,20231,0,61,9,10008,17,13,2023,4E9JAAGS,3
42e,6f1,20223,0,89,-1,9999,41,10,2025,UMNZOF6E,4
ef2,816,20212,1,59,0,10004,3,28,2021,GK80WAXW,0
c0a,b8e,20223,2,115,2,9996,53,22,2019,ZT5W8OYM,4
f2f,237,20228,7,155,6,10000,52,37,2025,49KD3SSO,3
aaa,6a4,20223,1,82,12,9999,30,36,2013,PGLV0A3U,3
9cf,406,20221,1,62,1,10005,32,10,2018,KRUDT9YL,4
77c,5ba,20231,3,175,-1,9999,30,19,2023,6YW0UDIL,-8
555,b01,20234,0,116,-3,9992,48,18,2022,FUEKWSYO,7
131,78b,20233,2,122,1,10001,59,32,2025,YRSP94BW,1
ae6,144,20225,-2,90,-1,9995,36,6,2022,JO91UXXQ,-2
9e8,911,20224,3,96,2,10001,15,7,2021,RA9LGG0S,1
91f,332,20221,2,160,3,9997,8,6,2022,73DJ0UTH,2
266,94f,20230,4,91,1,9998,42,21,2023,63KBY9YQ,2
fe5,5bd,20213,2,94,0,9996,7,7,2021,0M6BQUO1,3
17d,b84,20234,2,60,4,10003,23,24,2024,2HNGI6ML,3
112,d8f,20233,8,103,-5,10003,14,49,2021,IKSW3D1J,7
ba6,5ae,20232,3,171,38,10002,23,69,2019,Y05K2IHG,4
3bc,9f3,20224,1,135,-2,10001,30,62,2026,F9QGZ6S1,3
6b3,8df,20215,2,61,1,10001,2,12,2023,JMPCBY6U,7
6cf,a97,20211,1,76,2,10005,5,33,2032,DC7I0OWB,1
7b9,e41,20214,-2,61,1,9996,8,29,2019,0LBZH8VQ,4
43b,a65,20233,-1,148,-3,9998,1,49,2016,9HN66IFK,0
9c3,623,20229,1,55,-7,10002,11,3,2022,CT9T12X4,7
972,e80,20208,3,170,0,9999,53,56,2026,T1T0TNL7,0
c19,467,20217,1,171,8,9996,43,4,2021,H3DSJ748,4
f9a,aab,20218,1,52,-6,9996,3,5,2022,2FPGWI5V,3
af6,c9e,20240,1,138,5,9998,23,27,2025,D5T7C035,3
c3e,db0,20228,5,82,1,10001,42,37,2018,QMDSHSZ5,3
656,29d,20218,2,133,5,10000,14,44,2024,1B90OHB2,4
9b1,a6d,20216,-1,67,-2,10001,19,5,2027,57OU96LN,2
f54,da9,20216,5,160,-2,99997,54,15,2023,Y1WJV79T,6
1d8,de4,20224,4,104,-5,10002,6,39,2022,S7JA8DU5,0
abd,067,20228,6,109,-3,9999,34,25,2026,CM51MYIH,4
6b8,074,20232,2,129,-2,10000,21,12,2017,MLNI4I1D,7
ae8,ed8,20214,11,99,-1,9998,39,25,2021,9I44K4AV,1
df5,587,20224,2,154,-5,10003,26,6,2021,5UIBOT6Z,0
6eb,54d,20211,4,46,0,10001,20,7,2018,TZAT9NK6,6
408,5f7,20231,2,175,3,10006,66,24,2022,PEAPHLQE,2
e2e,e91,20230,0,158,2,10001,46,16,2023,91IUDAQY,3
6ff,8e6,20230,2,98,0,10001,52,44,2020,TFUG1YXO,-9
f74,784,20216,2,152,0,10004,21,66,2022,KW1XS7PM,-2
df8,286,20231,-3,123,0,10002,-2,26,2016,0VM8LDCD,3
f02,803,20212,4,30,-1,10000,11,12,2019,GVNZ72BC,1
435,49b,20225,1,156,-10,9999,65,32,2023,GVUI82QV,2
956,60f,20218,5,130,18,9996,11,30,2025,7V3KAH9N,4
ff0,9ff,20233,3,135,-1,10008,52,17,2021,M5YBJA82,1
ee8,57b,20234,4,47,-2,10000,23,20,2025,IVS1AVHX,1
4cf,2ba,20222,2,55,1,10002,25,24,2023,MHLJUR6X,2
13f,1d2,20226,-1,136,-1,10005,12,48,2014,8KNSALQ6,1
7b9,969,20208,4,35,0,10002,2,-1,2024,CTTS7KN7,8
ba9,3b6,20213,3,147,19,9999,9,14,2023,8F4VCP3Q,2
d61,819,20214,3,133,17,99997,37,56,2023,TWP0L7ZH,4
744,ee3,20231,2,22,-1,10002,3,1,2018,VYYCVWV1,-1
be3,105,20232,4,171,0,10005,8,55,2023,15TZSK05,3
c79,143,20214,2,50,4,10002,5,1,2030,6C4DDXLK,-5
f5b,9f7,20210,2,170,4,10001,71,64,2020,JJGZIDXE,1
a8d,c88,20220,2,146,2,9998,29,55,2021,LX8N98IL,5
f15,2dd,20211,-3,148,-1,10000,54,45,2017,0UG18BU4,8
2c7,7cd,20223,0,167,-4,10000,50,78,2018,JCKIXF1Z,2
1e2,c0b,20213,3,100,-1,9998,24,49,2023,B0XWYNR9,3
d23,d31,20222,1,57,2,10003,7,27,2022,OATRA7XT,2
25a,ff0,20212,1,49,-2,9999,20,14,2021,7LZ4TG0F,1
352,61b,20215,-3,177,1,10002,31,73,2021,O4QZKD9A,6
aa7,fa0,20214,-1,50,6,10003,11,19,2021,LLBT1YDS,1
8a9,17d,20214,2,134,1,9998,51,40,2029,J2VY63VE,4
5b3,d9e,20223,5,44,-1,10001,11,0,2025,O2UX07EC,3
b66,4ac,20215,3,41,-1,10002,0,8,2028,EBO1C2MG,0
9a0,beb,20211,4,112,-2,9999,45,56,2024,OCRAJ8WT,4
696,ab5,20234,2,84,-2,10001,39,37,2023,7H4WL8EZ,3
547,3e8,20233,4,89,-4,10009,6,16,2021,N4M0JGRB,1
8ed,b4c,20215,3,151,0,10006,39,17,2022,9T28927M,2
0d4,3db,20225,1,128,-3,10002,30,10,2021,KWELZ3G7,0
250,e5b,20223,0,71,5,10002,13,32,2020,1LIN4648,2
538,9be,20216,5,107,-1,10002,24,4,2020,9GE6AK36,5
9c0,816,20231,2,156,-3,10000,51,72,2018,NXCNT32A,10
188,43a,20214,2,70,3,9999,15,18,2021,A8TMOLYE,1
860,596,20228,3,149,-4,10001,59,32,2023,F7MLI357,1
099,a19,20233,4,63,-4,10001,-2,3,2021,M90VFIN5,4
c47,296,20229,6,100,0,99998,50,27,2022,OBRRPUPQ,7
6ae,d8f,20221,3,175,2,10001,45,61,2022,9V0WDVUU,5
b3e,ca3,20231,7,163,0,9999,33,16,2023,P4GSNY3E,3
2c7,df2,20240,5,131,7,9992,52,44,2023,2U73I528,3
52e,2f7,20224,1,83,0,9998,47,10,2023,MDAQ1H7R,11
48f,6a0,20223,1,124,13,10003,16,28,2021,L61RBLR3,1
f78,ec3,20215,-8,132,0,10004,9,47,2021,IPUAFN26,-1
bea,630,20227,0,136,-1,9996,8,19,2026,NZ0QH7Y3,4
b87,8b0,20224,14,122,0,10002,31,17,2021,Q8D4ZRHG,5
420,fe0,20220,-3,154,-5,10001,36,10,2021,KZXIR2C7,5
cb9,dfb,20210,2,106,-3,10000,12,0,2021,6I7XIBK0,10
062,392,20212,4,34,-4,9999,14,17,2024,KVRTVEA2,2
004,ae3,20234,4,128,0,10001,43,43,2016,UPX6C81U,-1
249,740,20232,2,118,1,10001,21,22,2021,2AGQWUZ7,4
3f4,582,20234,1,109,18,10004,38,29,2017,W993IESD,4
791,7c3,20213,1,90,1,10002,6,4,2020,CPUL3RF5,-1
fc6,130,20213,3,118,3,10003,38,57,2022,25TYLCIS,3
595,7fa,20235,-2,166,-3,100000,75,80,2022,3Z4ZE37I,5
491,9c1,20230,1,79,3,9999,22,2,2018,R7S3SY9M,9
e25,5fe,20228,0,128,0,10002,26,29,2024,55541RK9,6
66e,f54,20224,0,163,34,10000,57,10,2025,B2LYCKHT,6
214,974,20233,-4,66,-1,10003,2,14,2023,CK64SL53,6
742,3fc,20225,2,111,15,10000,25,41,2021,HXZ0EQIY,1
eb4,9e9,20222,1,84,9,10003,3,18,2023,7UV59MOM,-1
ee5,2d8,20216,1,170,-1,10000,16,47,2019,45TT9A19,3
519,9e4,20214,1,172,0,9999,40,17,2023,0P8BYBEW,3
663,b10,20215,5,160,-1,9997,35,31,2020,VGS2NGGX,4
9cf,b4c,20232,2,94,2,9996,4,25,2019,ZX470ME5,3
662,6d3,20221,-7,112,1,10000,7,50,2024,7OWMZEO1,5
740,e06,20223,2,34,-2,10001,7,11,2022,AD5E5PTB,2
966,9a2,20234,4,115,1,10003,4,53,2019,GG3UDTHI,4
091,3ba,20236,2,103,1,10000,5,4,2019,5O2ENMGP,6
071,2ab,20213,4,80,5,10002,18,0,2023,USO5LPKN,12
c8e,f50,20209,0,31,3,10001,0,2,2025,R4C0GDGQ,1
56c,988,20212,1,87,-2,10000,32,25,2020,AFPDKK5W,-1
b53,2a9,20213,9,103,-3,9998,33,30,2020,IM5H509I,3
5bd,540,20214,2,66,4,10000,11,18,2020,K0NA0V3H,6
35b,65b,20233,4,64,2,10002,20,26,2024,CNE91O3R,5
f35,99e,20212,1,170,1,10001,43,50,2019,BXYIEWCP,3
1b9,830,20213,2,119,2,9999,4,7,2025,SOI9R7O6,7
ab6,569,20230,2,160,19,10000,32,5,2022,XXFNLVLJ,5
879,8af,20234,2,144,1,10001,56,69,2023,MPBYQH99,3
ba1,ff0,20225,2,109,0,9999,37,48,2020,5WL9SEOD,1
699,670,20233,5,104,18,10001,42,17,2021,UP6E2ZR6,3
cae,bda,20221,2,96,-6,10006,9,30,2024,G7QU94OF,4
545,32f,20218,0,101,-5,10001,-1,21,2022,ADO77M5I,5
34c,9f6,20222,1,165,-1,9996,26,35,2012,XCQMBEI4,2
f52,a8f,20210,1,107,-1,10000,52,20,2019,GJ7GGIC5,6
113,d20,20222,4,39,3,10001,6,13,2021,0O2AFQB7,3
d2b,155,20222,0,37,-1,9999,10,9,2022,42XN6XOM,3
dc8,9a6,20222,0,36,4,10000,6,5,2011,JW4VUJ2W,3
730,4c3,20235,0,54,0,9999,25,26,2023,S1QST18A,8
ebb,a3c,20234,3,175,4,9998,47,69,2023,G7QTNS24,0
379,ea2,20223,-3,127,-1,9999,23,44,2029,FC3NPM89,2
4c2,dc4,20232,-1,75,-1,10001,25,4,2024,DYFCJLXJ,4
8ee,262,20213,2,134,1,9999,24,41,2020,GPAYQUB9,6
