GEBNRZAHL,BJAHR,DATENMODELL,LEISTDAT,VSID,PSID,BNR,FALLIDZAHN,ZAHN,GEBNR,GEBPOS
1,2022,3,20230415,Nq2wqRTSaaylRQ47ahk,EFiRratCA75xhgriXqm,27381221,39278907322,13,1234A,O
4,2021,3,20220922,Mc98D68syqJHsvV0JBe,8Pizdjwyt1rF94lr33p,42895276,93423338986,62,1234A,O
4,2020,3,20230501,kc0w8dxveDNEm20kyki,zZclGaViTwwfh8lp8K6,37227199,94672658643,43,1234A,O
3,2019,3,20200719,9VugNglXbw2ANOUW7E4,1D7u9H0f6RNS8yPwSpT,49903489,90646338424,37,0099Ä,O
2,2022,3,20231108,9mmilxJ2tfpBVdPn5D0,9Dp6nHoWmFv44C6S6dT,78519775,14314326066,81,88x,204
2,2022,3,20230111,j1ulQpaXuNTzdLr7Un1,8GSiCHTogrvOzfr6nm8,10038094,81451185069,19,1234A,O
1,2023,3,20211121,4lAVO0nqLFjDMHCXjzt,hMPrKhVvuKP6YX0vF09,29698163,27203504989,75,34k,268
1,2022,3,20230411,Bukbz6LPZTMDEY5fzqj,jjRz81ipTwzzWpsU9gD,02877020,85102196747,30,25z,O
1,2022,3,20200618,ezZYgvSflPYhipgTyuR,Bq6XOQCV7yTtI02z4nt,06089457,30552304051,52,0099Ä,365
2,2019,3,20231207,1VUIQWoGwrSMbYHVB2a,Q8hZhKt0LbsXPTWmyLh,19321940,61687587518,72,34k,O
1,2023,3,20210327,BfUiTHSi8qFk71ALWPz,7pH1JN7giRRgPMmgnfs,29677729,53100582380,29,0099Ä,O
3,2023,3,20231126,4lAVO0nqLFjDMHCXjzt,hMPrKhVvuKP6YX0vF09,29698163,27203504989,84,0099Ä,O
3,2023,3,20210318,ZB2Sz5zMBlKyJwPmblR,yOlQQJXp31b7SZ2pXsL,97807631,62072668632,81,0099Ä,O
3,2023,3,20230905,P0EsIj0OHAFduX2JNtL,50IbbKwV1n7wo1mYN7K,79295369,77428231501,40,1234A,288
1,2019,3,20220907,9VugNglXbw2ANOUW7E4,1D7u9H0f6RNS8yPwSpT,49903489,08629717316,22,34k,O
1,2021,3,20230622,ghPVI88FOVcH1ywp7uQ,8cPzaiLyohg3QMuDD4v,55023962,75136702617,34,25z,O
3,2023,3,20231010,Xx8zrEMb61pQU3dRtpO,qBSYM01JNwAMSNrNwsO,16602719,05671713365,75,88x,424
4,2022,3,20221001,lQx9XypEdr1rAoxCCzr,PRnu9L95sSjmeQoqEXT,89508487,21763889743,62,1234A,746
3,2021,3,20231010,J2HVw0gQCcoJ8QPVfQB,0cu83UuqWjrzmJA9oSH,52747693,24909409419,23,25z,O
1,2022,3,20230806,r4K25wioIPKCnvJKwIz,sWx55kzZ2XImaVAHbH3,66951693,23423338536,48,34k,O
3,2022,3,20221010,kP1YYJacUiyvif77UxU,5XqQE738JVsISh6ASbP,15357804,93995556683,72,876B,O
4,2023,3,20231213,UYJMR1xOpKNk1qemi71,Oi0QBYFvRLGtNDI7dOC,24462764,60236454691,43,0099Ä,O
1,2020,3,20231008,z1mPBcfBguNHvQ8hFRB,WcXvO0pGaHIJyP6n7Gi,55038512,79291935319,31,1234A,O
1,2023,3,20220807,r8VGZ2DmFncRN4fX3FW,lG7Ln83wDwov8blJys5,48644198,07756431216,17,25z,O
2,2022,3,20221019,Zbt0z1cqt0IJpRojDbW,ho3KrVf9AmeGDBewOBe,17572940,83276461809,43,876B,459
4,2021,3,20210619,ik9PLkLOWgVFULujJji,v5uD85ayP0RA3zxYqsD,21559704,93946377821,82,0099Ä,O
1,2021,3,20221118,bXoVOlm1Z3vUolyReLP,eBcUvEJIgx2ee3ZhhCM,70462596,98476734014,23,88x,583
3,2021,3,20220212,DI5f8UyqIlOo6r61OO0,IUlzh9zxIFO9kFb0BlG,78036678,09701881075,73,88x,O
2,2023,3,20231204,48EOpoCii9RILn1zvMj,JmSORDNuT3Hxjkw2YBi,47591887,91760848842,15,876B,O
1,2023,3,20230423,44k2ZX78C7jIcSb7VoJ,3J3KSQYLujfys1lnhJ4,75270689,19226137130,52,34k,O
4,2019,3,20211014,G6gvF8smtjB6rB7LEeH,gYDz4JYQohwAR0yMCy1,95601214,82474689828,19,1234A,O
1,2023,3,20230916,IGsipHRrI33vWUsLaqP,j4AbXgWwMePmbpTlWLZ,03624413,93870990251,18,1234A,519
4,2023,3,20220225,xZLOKFq4Af2IVGNVFpJ,Vbor60KjE1ZU9roiJbK,54042365,75695952456,48,34k,O
3,2022,3,20230415,BEcZYVd3RI0jDfTHgsC,r7y1bmj8fA1d7LCDU3K,44917879,21466147413,85,7326Ä,O
3,2023,3,20221016,xAGKVXWX9sF6Ft7SoWb,wud2G9J9YGhABcRNUIW,06625778,85537460155,73,25z,O
2,2021,3,20211021,Yk8R9x7Px5McXVu3NFj,0yO70m7Edy4Ejj2Utcg,50973715,53647100504,48,25z,O
3,2019,3,20211203,9VugNglXbw2ANOUW7E4,1D7u9H0f6RNS8yPwSpT,49903489,08629717316,71,25z,424
4,2020,3,20220611,NsP4p25bkuQT0acz9zc,3tPY7Qu2Qx5QwAytCLR,82696247,36571877594,61,25z,O
3,2022,3,20210421,vnlmW62o0m6JPsUEYmc,yfcAAcY9mOQykGVIwzW,57589830,59173203150,44,25z,590
4,2022,3,20220509,h5GiMx9gO0Px36pjWyP,dn2PTdHHFiVOF1ALrxb,33805022,58043461451,75,34k,O
1,2023,3,20230627,V9Uaw0wAorPiQLOzicz,LFsDgx3GdGTlYU9d8GH,84872631,92819204250,53,0099Ä,O
4,2021,3,20231001,ocYcZRf4qqQamHpTxYG,X8QCRDeRUeO5hrTBgJX,18191292,33296908960,42,876B,863
2,2023,3,20191003,pzAP9LJjosEFTBzDvEI,Ex8LnzBWOEQLi1QRXrd,54871635,71317972584,46,0099Ä,O
4,2021,3,20230307,BEg5EhXostp9B7WQaBT,I3mrdcGBBOk2sS3Ev7h,28530626,98256528023,75,25z,478
2,2023,3,20220902,0KYQw6f6PkHenRkD0mh,VrsxrMGJ0N875lfjdox,65640553,24104408537,29,1234A,O
4,2023,3,20231125,QKnOFH9TxUPCTfXs5Pj,qxrWhqPtJhlLrAQGKjD,59015508,26303287003,73,876B,O
3,2022,3,20211002,ZNoOjzxmWyMiDZeWts5,CIoWcGfYsijcmvcXjrc,88997304,11241001911,85,0099Ä,O
2,2022,3,20200122,Nh6r7ZMc1zWJryiiWMH,UBm1osJGxcAMA75cS2i,04708714,80108145688,14,34k,O
4,2022,3,20230316,Ih77euj0NIo34ZHaf7x,w5nthq5eee2XHrsWMOh,45857387,66792018916,38,34k,O
3,2020,3,20210407,IE1vC4eV0as8YX0ib9b,Y5DFXjwiae2SPd8sjGt,90703254,85055256808,85,7326Ä,O
1,2021,3,20221010,LK4lSPhCwaRATYpNKNZ,kxTMxEv6Xcb5nLC9MPA,88816997,61939110252,82,88x,367
1,2021,3,20220611,ajnuLqeVUGNTRUujxv0,lqKtNE93UTON9l6CZ0T,20810407,66840496668,85,25z,427
1,2023,3,20191015,hBq1M9Y9dzDRsYbVDVO,QMo57vo0dkg7IXc14dz,88043742,50101823217,21,25z,O
3,2023,3,20231216,UYJMR1xOpKNk1qemi71,Oi0QBYFvRLGtNDI7dOC,24462764,60236454691,84,0099Ä,O
1,2022,3,20230911,mBwDLb9cKuxnahj2FC0,FRyM3NZJyXAaKDIpYlO,22108822,95208436887,63,34k,O
1,2023,3,20231216,bHcI4XSII1NYFuU57xN,pQF1fmFfkdjCaXyX6Sw,89243711,39932302531,16,7326Ä,O
4,2019,3,20221010,rPqjbGpyUk8pGPgEYQu,y5eKhBEbiGcTM6dahuZ,10492371,10928339807,44,876B,O
1,2019,3,20230404,TXu0JgKGXSz9S4THs25,KLrVbkdskrnKy7exnrW,58898231,39738755787,30,876B,O
1,2023,3,20220322,Ng8seYOY0Mde1oOxrsp,e5Xuv7kLdcVPurSnFfw,35930473,59741583729,33,7326Ä,O
3,2023,3,20210426,Uq9IyDC1lmdPaaM2Mlm,QMPKWwnx9tuQLKaJvMg,53621992,35524740934,22,876B,O
2,2023,3,20221005,8HhelnEWjrok4S4OPdH,4JVQ0AdzDEQHqjR4Kp0,12875706,59964053229,29,88x,O
3,2023,3,20220922,48u4N069P7uOg9mfVqf,JwNNQkRmLjAP7H1B2nt,95722521,33721169214,34,88x,O
2,2023,3,20210407,A7TfD8SePI0XERsxj6O,O8tbwY40BeExNe01P0n,10015945,53149801098,19,88x,O
4,2022,3,20231226,y4PiticgF50gf0GKO6N,v4a7tbOMFyLcWopK7Eb,00221907,72226302739,32,88x,517
4,2021,3,20190505,ZiX1rUFujoQ3z53d4pe,AvqEeSRQY9zrX2vOwHb,43323700,14171705624,38,34k,191
4,2022,3,20231004,rR8uovoWLJ4C9U6zcIy,YAXDctqX9PGrwE3Rze3,23235780,86277494146,37,1234A,O
1,2023,3,20220725,l5Scwhkzl9eMabdbtYr,zGcaPfAp9SaUBjsyfn8,17611134,47657997963,14,876B,O
2,2023,3,20210318,V6P1qGgeNnrseryJbze,PBWwL40PjVg7puVh59w,37846627,78834454479,75,34k,389
2,2022,3,20220327,E9m3FHhMf6uvyfiM9ar,lmMypcIww7mBV6zvyQ7,20643406,50370675860,32,7326Ä,O
1,2019,3,20210407,2pRQ4eo8UX4Zkvb27JW,wdKygksQquuRwW99p68,77789614,88464206895,12,0099Ä,947
3,2023,3,20201112,upzAKq9PBzQFg2Xb90y,TFNF4IjNuS80Yf4W9dN,66394686,64423996464,27,25z,O
1,2023,3,20220401,aIjjxT74PNcRfQxcn0Q,9P7tMFuabVwJ19bnFbh,46666251,91200439511,64,88x,O
3,2022,3,20220208,elqtExKPXwERsRZMxWq,XyPeLredxyyoShDUEEg,60179496,00954744754,83,0099Ä,O
4,2023,3,20220225,OZpkfmxxAXVphgF48gN,MJINXzH8P2wB5kmKxWB,01900034,56605284315,45,7326Ä,O
3,2023,3,20220509,3hxlimxWHWqVRypRbqa,C2RNeCwBDgwzOMBZgv7,48551212,84771720136,29,25z,O
1,2023,3,20210308,8tcEuYEsXz0dhHKyOjD,aOROBMjoDOug85GT8Rp,67436131,54479650704,36,25z,O
2,2022,3,20220403,zaCTKqDWIj7abgBcTUI,aM2XKgQsgGFgHh2ea2x,70634278,79763863017,36,1234A,O
4,2019,3,20231026,eSyl1IiMu4fa7C1RhOd,CtmyCgoVSIRoZ1GINDL,64270137,87987095984,75,25z,O
3,2022,3,20231226,vnlmW62o0m6JPsUEYmc,yfcAAcY9mOQykGVIwzW,57589830,12970106663,46,34k,O
1,2023,3,20230407,HBXMeriAp3TSgScIM3k,OAffNcjPdUovjhoT2oX,89574809,04681818254,52,0099Ä,O
1,2022,3,20221211,7UAUfRToZDD3DRp0NaV,JBquw15PkYxUJkdu2Km,22560944,47855056595,84,25z,O
1,2019,3,20210113,PWgl9m4lvA5XwSVunOw,Abb5vdoW6A8hXmRh6Ai,09421804,48331414270,38,25z,827
4,2022,3,20230823,qfA3keYnN8eGkXnenEf,Dp3xhslBoHBaKxjNxqs,57723491,52214782541,81,25z,O
1,2023,3,20231207,ZB2Sz5zMBlKyJwPmblR,yOlQQJXp31b7SZ2pXsL,97807631,62072668632,48,34k,238
2,2021,3,20200909,Yk8R9x7Px5McXVu3NFj,0yO70m7Edy4Ejj2Utcg,50973715,24413071935,25,0099Ä,O
4,2022,3,20220418,Nh6r7ZMc1zWJryiiWMH,UBm1osJGxcAMA75cS2i,04708714,46938202930,11,34k,O
3,2023,3,20230316,cl8Rqgfj4GBYQfxdMFR,j7IbaP0cf5WySFC7sGN,46774020,65605961150,43,7326Ä,O
1,2021,3,20211121,gbpqXq3L5hxvzOKEJRB,ciWOOyVtKXCZeSbBY61,71999430,07973807826,39,88x,O
4,2021,3,20230523,Yk8R9x7Px5McXVu3NFj,0yO70m7Edy4Ejj2Utcg,50973715,53647100504,75,7326Ä,962
4,2021,3,20220419,D5rwUa3fl8OvvLPZpQ5,tEzlKSOjk3O2MUYgflH,21424528,85486965557,24,25z,O
4,2022,3,20210512,M7IFuVZHwbpywH7kNpm,ulptr57TSpZFTE6XHLa,24651139,88210328598,20,88x,O
2,2021,3,20220725,ZTusLgAWWINCuKHdAqX,u67PTGDgRSfh1XRj0rL,22029168,43164664481,53,0099Ä,298
3,2021,3,20200306,X1LMOJahisECl5iYp9j,dJOSUcNGa0LOS7WT5Xy,75562773,63293852946,24,25z,O
1,2021,3,20220813,JIiZu42DEHtuYDAOgTM,PWg3E4APoXva3yckNOH,91277284,66012258223,13,0099Ä,O
4,2019,3,20220212,JBYAyz8Zw6O0VNZuwSo,aXJ2rvXZdiS6gKZmAJp,77103248,39389744573,19,34k,298
3,2023,3,20220517,fpWk4QcS6eP2Z8e29Bh,srmI5NLSMCGfHnTzlfO,67750141,00370812809,13,34k,O
1,2021,3,20230611,Vs0cPM5cGYVKZGRiSAT,RMxhYlMuuNVTMLmvVlO,61900948,91412704649,18,25z,O
3,2023,3,20220319,48u4N069P7uOg9mfVqf,JwNNQkRmLjAP7H1B2nt,95722521,33721169214,36,876B,404
2,2023,3,20230827,ShtmI5x5mdkJgfi6ysp,TLgFHD8rD7ci8mNnFJl,93658382,11576161235,43,7326Ä,O
3,2023,3,20220422,p0tvIDd0qLpic5e35TC,PjHR0M3Pdl1hHWZ9t37,25952061,27493374847,35,25z,O
2,2023,3,20210401,CHinOcwkzXYaI9zzsRe,Sge6gIpJYBSVlrMFKJ1,69431799,32200751261,65,0099Ä,O
1,2021,3,20221112,7nPSjDoDLZJYSU91ah6,v7gG0KT6kBtJ3H9hEAt,34410847,47932627132,36,0099Ä,O
1,2021,3,20231118,uwUGKtXAEqoaj90QzOI,eetHpja6ME2abv2sL82,76612961,11252510286,61,88x,O
4,2021,3,20231204,8nCdg4QV6FfBIQUZwGd,hVEleKhAIYzoOtnRL1r,37781248,09999893517,74,0099Ä,427
4,2019,3,20220319,rLwCf2rP8mAHyUQXChB,Elerhmx7zdF2gReuk5k,71658669,74134114045,43,0099Ä,O
3,2021,3,20230919,ipbU2Rjgw5NU1QrTRSd,KHMf7IG6pCXdyWjmE2C,86597801,31248145574,13,1234A,O
4,2022,3,20230528,9r3256GDgEsIxifuLb5,BG6wUD6uCypMszN8CAE,04283048,70557478146,61,0099Ä,O
3,2021,3,20211001,obHEUZJ6ABBlMLKxsLH,FvFk8NpHuk2Am29R18u,48240369,02982697687,39,876B,O
4,2022,3,20211002,nhAUsw2VNUGzbuZ2Ix1,N58nXACgMgArwQQMxGU,78056400,93844764939,30,34k,O
3,2019,3,20231116,anpWXATld2900Xxr5Qx,2IjwFY5DqZxIztb1q1n,18043000,80790859197,31,7326Ä,O
2,2023,3,20200916,JNqFMyAehoJLdnSUg8B,ToU22L8UUN5HCgj7yBK,37433563,37542459391,42,7326Ä,340
2,2021,3,20220422,bXoVOlm1Z3vUolyReLP,eBcUvEJIgx2ee3ZhhCM,70462596,36941744484,52,88x,O
4,2020,3,20230924,96E4eF6LhtsMmMKSvTS,05m9zkcoqCGfx0uii9f,77794750,63009335249,27,1234A,O
4,2023,3,20230709,ZoLTksAthbQcnhDnFO4,IYy2B12giTtotSfWFft,86775351,58248673291,44,1234A,827
1,2021,3,20221112,txef1VwuO39Eg3O45FI,lBeGvvSh1vx9b3cEiHk,66629117,59500302695,63,1234A,O
3,2023,3,20221016,ExJ8cmbywu0hCfWCyuV,j1fUvte035cvtGBjg8k,82735886,09397062104,43,7326Ä,923
2,2021,3,20230216,Uh2RflLDRigICBzaT0I,tB5ld3AaNCKqP6LL3SK,27966961,49403550288,20,25z,387
2,2022,3,20210512,H2Hqwc87tBvgqhUYDTb,UsMxJqanXEA2oxqKnV3,43194397,08820898966,43,7326Ä,O
4,2022,3,20210203,tklDxsb1m97TRaRW0mk,Ks2xBiEIrcZpmWnEsPB,83026076,72177968782,71,1234A,306
2,2022,3,20220403,qfA3keYnN8eGkXnenEf,Dp3xhslBoHBaKxjNxqs,57723491,13504734442,63,88x,O
3,2023,3,20230428,ZB2Sz5zMBlKyJwPmblR,yOlQQJXp31b7SZ2pXsL,97807631,62072668632,62,876B,O
1,2023,3,20220203,aoPrcNdBgPogFS9LqlU,cbZO6wrz3aCkxy6UTZo,80923032,93263169434,16,7326Ä,O
3,2023,3,20231019,VRz9OKhqZkknRoSFJTM,qNeyjd08N4Qqs5wf5fW,20326883,18004292645,61,34k,O
3,2022,3,20230208,Nq2wqRTSaaylRQ47ahk,EFiRratCA75xhgriXqm,27381221,39278907322,53,25z,O
2,2023,3,20220922,upzAKq9PBzQFg2Xb90y,TFNF4IjNuS80Yf4W9dN,66394686,64423996464,72,7326Ä,O
1,2020,3,20190318,TBWOjGFctdB2Aq1zaHm,wSwQ9xW2kAVMUcKYcZh,95926683,66104190037,51,1234A,O
1,2023,3,20220905,JNqFMyAehoJLdnSUg8B,ToU22L8UUN5HCgj7yBK,37433563,37542459391,83,1234A,O
3,2019,3,20201021,d0uX5QQAh0uv9N7HMfF,gw3ylmi2gsfdPc0Q53R,69670544,65477697736,75,88x,O
1,2023,3,20230419,aqNkRfgzkLLNuxkCgDS,DhUenpBsIzsqOf5j2WD,86311751,21868805679,20,1234A,O
2,2019,3,20220403,eFQ2zZ1TI4SDBumYngb,4ylA1f8UdgfN2y0AXTl,27698754,68263466927,19,88x,384
2,2022,3,20230422,M8OHlje5H04dlW7VF66,MGKg8JBbv2Yld2msBl6,48007840,04408492304,75,876B,O
2,2022,3,20230408,d5LdMAyfWyy1HaqkK2v,UVeah3MYLMBnfHEHMP0,68027462,20037108496,63,1234A,O
1,2020,3,20220813,ckzfs2QN1RrLkM1ceZY,KwtpmcgUWoWP9E788Cp,35915578,57595658095,33,7326Ä,O
2,2023,3,20220625,cl8Rqgfj4GBYQfxdMFR,j7IbaP0cf5WySFC7sGN,46774020,02189081585,54,1234A,O
3,2022,3,20210512,6NdEa6oywdilPTMoZeb,ulECPF21ydD4UaCaBZS,41464629,36700469484,42,876B,O
3,2021,3,20230622,xZ2aJ3GvSpLRMJCnLTS,QodZ9rFx7t88temtqgR,44066059,22970003045,39,1234A,O
1,2020,3,20231006,C8AG6orUdpzZYff2dPC,2B6FOvnGvHDQ8Z7LJIB,59373588,17778683752,82,25z,200
2,2021,3,20230423,DI5f8UyqIlOo6r61OO0,IUlzh9zxIFO9kFb0BlG,78036678,83703777676,24,876B,942
3,2023,3,20230322,IjHjzdLfWUECuSpFviE,jt2aSo8Yo2qZIuE6pl7,18215309,18854947092,13,34k,O
2,2023,3,20230214,mFb6Wldog5TvxSGiMzf,buZorFJFpvG9tsXTn4a,73238902,34539568179,31,25z,O
3,2023,3,20231028,3chcS0V6EdxJfst0IHO,qOxQiTKLHaOww5lAMNj,20943313,99372963323,29,7326Ä,O
2,2022,3,20210608,QanY10tYNPOu09QpDcC,dHn67MuL26MRbahSRL6,33824124,50935765132,16,25z,O
3,2019,3,20220203,8nSm9tql3fCQB47FVMm,ZHgcwq1O1bWovDQdbyT,58261543,37200691985,23,34k,O
2,2022,3,20230827,PcbHnHyLCyGtJOLi4UD,TDjVX5QRAm03dLBQq4X,89502789,67709801622,29,7326Ä,O
1,2020,3,20200428,9IsyJV61YVdpmSna8ee,kgvfP5nilmBKn0sZMIh,02882477,30349991560,25,88x,O
4,2023,3,20190505,vxc14GbhbL7xi8Rkmak,4aUy3smq2KoVurORhMA,67248377,30288102137,26,34k,O
3,2022,3,20211001,mBwDLb9cKuxnahj2FC0,FRyM3NZJyXAaKDIpYlO,22108822,69043111685,35,7326Ä,614
4,2022,3,20200306,b7k1XzvFaOU1d1Csckr,3wf33K6cV2cbvTpME3U,18994057,87879787053,73,25z,O
2,2021,3,20200216,QDL0vX6C2ZnrUTqRwL6,a1k4WeS8WK71hJSH82z,74545349,03634813133,30,7326Ä,297
4,2023,3,20201112,cl8Rqgfj4GBYQfxdMFR,j7IbaP0cf5WySFC7sGN,46774020,02189081585,33,88x,O
1,2022,3,20231017,BJo5fCwFDSalb3fSK2i,orakVS4Jz8l6MMJV2EN,24267957,93399123375,26,1234A,753
4,2021,3,20200524,Vld65OJ24HoCeuNQVlb,qrUvdsYTOhDE13kAFrg,83394115,93951333328,62,34k,795
4,2019,3,20210305,9VugNglXbw2ANOUW7E4,1D7u9H0f6RNS8yPwSpT,49903489,90646338424,18,0099Ä,O
1,2022,3,20230216,keedcbO1L14CF7vUYS3,ycM90RQhhnUYeZEA3qi,66676818,18922716476,38,25z,O
1,2022,3,20220306,cYEkPJqBmXdxWHYUFX0,qtgIEcZvjQcli1ZtA8A,52700288,01583424704,84,0099Ä,999
1,2023,3,20230327,nozaId3mWZR152m7nD2,2DRffZxhpkHIdqMzqLi,72808748,78934614211,41,1234A,O
1,2022,3,20210407,pEmblcH2myDLsoOPxud,GeVWaHMI1xd6FG4ter4,24045390,24385376308,46,0099Ä,O
4,2019,3,20230316,oiYoL7iVBYhGQdBhvrp,SBp0ocJHAqyWpUfMqZp,80189574,68878212875,16,88x,949
2,2019,3,20230202,6DkI5w0OM3vMhGqe5oY,P4wA2XS3WIu8OAcqZSN,33557468,90555008017,40,25z,O
3,2023,3,20220909,aoxXkEMYo01nL0THa4R,JNQGnH8h9pxsPMJr4c0,25795273,87026287305,55,34k,O
2,2023,3,20220902,xBljAWlMCb8e7ziB8hg,DBVr7pIYg32yXKHEUbR,63064173,45591338878,25,7326Ä,O
1,2022,3,20231125,jNA5Op5NRchtNCwVxT7,uX9Qx3sRw523zyGmC2l,05010052,00439862238,82,0099Ä,O
4,2023,3,20230912,tgZYl6JH4vG1mmEfakk,WzRLaNyZyeIaNwa0NfK,32698881,75803500259,26,34k,459
4,2020,3,20221015,TBWOjGFctdB2Aq1zaHm,wSwQ9xW2kAVMUcKYcZh,95926683,66104190037,16,1234A,389
2,2019,3,20230528,HfI40GimcDea06pdemJ,kZ3fuVHQmzISTclJ8BF,85623340,97257679385,43,88x,O
4,2022,3,20200328,cYEkPJqBmXdxWHYUFX0,qtgIEcZvjQcli1ZtA8A,52700288,38089768819,29,88x,273
3,2022,3,20191107,WrQCVRg4dqXToPmxGep,xmNDGOlVyWpcp8JdvaT,01741999,43389815741,19,876B,O
4,2021,3,20200216,0RSefyJztv91OBSsDcC,BXzdvky9hMp2045B0TM,03682204,01237870663,31,7326Ä,O
1,2022,3,20231018,qfA3keYnN8eGkXnenEf,Dp3xhslBoHBaKxjNxqs,57723491,52214782541,11,88x,O
2,2022,3,20230714,hZLz4mXPSUgH7tZ34lI,lfzAFz4F0Z2a398gkrc,79800503,76328938124,73,25z,O
4,2023,3,20221207,wwoPxGTZsfSof6w2rPO,lTVwO7fpxeewknNBbOI,01559264,20665916353,16,876B,491
4,2022,3,20230516,QFbNv5NhGr55IvxWMJ0,EKLdOws9EbjWZeuwg0w,24968003,00944527408,62,0099Ä,O
3,2022,3,20211221,6pnrGTtjptx2qq6yeDd,x2lN2het6kJ3ogX9CaH,88830220,10860993310,72,1234A,O
3,2022,3,20220520,zmLF70TfLF0utVC0qDo,tWwLYjhMdu6ExnRkUjA,36290315,22208894367,25,7326Ä,O
2,2023,3,20210814,tD6PnWskQSoNCtbqU54,ETKFvX8oK9GZTZypF3O,83810942,68953566674,53,88x,288
2,2022,3,20220625,mgNq8UoFLCmD2Oce4sa,Xjpao4ZR8szpUZ70oAs,36197125,14877646708,64,88x,O
3,2020,3,20200909,qrfgkLXmkYn9Ob9fMLt,iZIzMBoDhX6Iz7c2W7x,85553041,69457875104,42,34k,517
1,2019,3,20221015,ObocSOvpdUXdn7fAV98,rClNGb5VLYM4pNnuTVQ,02858369,93539886751,29,876B,O
4,2021,3,20230419,bKxRPyT3kdIaIV952aG,AcBpVJfWUpTM8QPtSvB,66670288,65384285947,22,1234A,O
1,2021,3,20221015,kpKYwtQOC1x6U9Siio4,IQYzAuqWe2ep6NmO3Xf,88734727,51337753263,27,0099Ä,O
4,2021,3,20211001,txef1VwuO39Eg3O45FI,lBeGvvSh1vx9b3cEiHk,66629117,40103532437,38,25z,O
1,2022,3,20220415,jIT6jYc1Q3NISMpV0L8,d6lAg0PT3ZPiPA4q6Ki,37390889,09786876539,47,0099Ä,O
4,2023,3,20231001,LBj07REX2Ostd9URRkz,4VzFJxpsjqcsR2v4Rbu,84304713,62155002346,61,88x,517
4,2022,3,20220422,8eyK8jTwUzF1HrapJWH,JSZcHsuwiuzqZb7xaTh,46843439,86939994364,47,25z,O
2,2023,3,20220212,vxc14GbhbL7xi8Rkmak,4aUy3smq2KoVurORhMA,67248377,30288102137,61,25z,O
2,2023,3,20231014,lCmYIp6q6eigLvBYIqq,lItB256nyOl59KscFdz,58146917,71303320964,29,34k,O
4,2020,3,20220425,NsP4p25bkuQT0acz9zc,3tPY7Qu2Qx5QwAytCLR,82696247,58508621488,18,34k,O
2,2022,3,20220425,j1ulQpaXuNTzdLr7Un1,8GSiCHTogrvOzfr6nm8,10038094,81451185069,41,876B,O
3,2023,3,20211216,xkUaKT3eCGDp185b8ls,kiDKiUEekLnbykzwPrZ,56552611,48658320534,24,25z,156
2,2020,3,20220803,HDykofAtDxkWZntE4ag,lqrBdnU0AuphQtfYh2a,00537493,38981632702,74,7326Ä,951
2,2021,3,20210619,g9omRCJb5NdREM3IBG6,ACQ9nGUNGHoQ2UxXuz8,59231817,26420224532,51,0099Ä,O
4,2023,3,20220401,IlUfcyQ0uhDZLvoe8ND,X7f1AF1e9bXLMHqZt0K,87820067,53092410047,16,88x,O
2,2023,3,20230402,aoPrcNdBgPogFS9LqlU,cbZO6wrz3aCkxy6UTZo,80923032,55619770739,13,34k,O
3,2023,3,20191107,Ng8seYOY0Mde1oOxrsp,e5Xuv7kLdcVPurSnFfw,35930473,87453076037,46,88x,531
3,2023,3,20230304,tgZYl6JH4vG1mmEfakk,WzRLaNyZyeIaNwa0NfK,32698881,44564708318,75,7326Ä,O
3,2021,3,20210421,AQ09gaIBgpRGfNWF490,nKfyWIg88Cs11jzPOKW,39519448,05665128164,23,25z,297
4,2023,3,20220927,tmmEmPSqCiJ4kSYbseH,6vAte6nqHg8qJz0edeQ,56648819,76041831667,41,0099Ä,740
3,2023,3,20221121,l5Scwhkzl9eMabdbtYr,zGcaPfAp9SaUBjsyfn8,17611134,49959132699,35,1234A,O
4,2023,3,20230421,gehB5xM7MueUpgMpZDq,8HEKTOANn0naDDFhkoH,06814436,84199369165,14,1234A,O
2,2022,3,20221016,0jOgoeZGXWFJ31JRZ6H,rSbqqwmCCkW3LwHT6T6,89411322,76180061498,12,88x,637
1,2021,3,20230307,aHY9KcZO8BjR9WbYiQZ,LAbYcycw3ptLkFs87Bg,76771189,33311651640,39,0099Ä,O
4,2021,3,20231017,hv8rc1S0VdrkN7ificl,DWF7aPADxdKELvfFKAm,81725872,88920821594,13,7326Ä,387
3,2022,3,20221201,QeeAPPDNYBCdEXDx0lx,71ZuKO0aClj5Cc1cfZq,01040941,05267770606,55,25z,331
1,2023,3,20190505,xBljAWlMCb8e7ziB8hg,DBVr7pIYg32yXKHEUbR,63064173,28833262934,47,7326Ä,753
1,2023,3,20220625,4BWnAGO1AmNcfpce3V3,NVwb8PXelbfYvIfxmIZ,87871698,43662494742,72,876B,O
1,2021,3,20220905,HKaHbeaERC2Kr8OU8or,3cHLQJksWdApiMduY9U,35389859,40502164241,61,876B,614
3,2022,3,20231001,h1PqLldkG5Xp5wtwVyH,DTIvhnj7L0wTZShiuyh,31275481,91458988907,35,88x,268
4,2019,3,20220419,J0ny80eaCwIEevnt6Zh,inTEqwC5tlDhoBihN4i,47075293,52157304316,73,1234A,O
4,2020,3,20220527,MSYvgziDWP29YKw54TQ,JImcA0N0ZP26Bz70DjG,73539193,99810472583,33,876B,O
4,2019,3,20230322,JxEKYlDpCBIRD5rFkjG,Eaak0oFfPWj5U3yRgVl,43849789,72683592368,23,0099Ä,O
4,2021,3,20210411,ghPVI88FOVcH1ywp7uQ,8cPzaiLyohg3QMuDD4v,55023962,75136702617,12,25z,272
2,2021,3,20201015,9cnn9dZF8xmaqv6wHPW,xQBxPcA1ZIjMzdQea6Q,65894645,52651665625,71,7326Ä,O
2,2022,3,20230419,d5LdMAyfWyy1HaqkK2v,UVeah3MYLMBnfHEHMP0,68027462,20037108496,75,25z,O
3,2021,3,20211008,7nPSjDoDLZJYSU91ah6,v7gG0KT6kBtJ3H9hEAt,34410847,47932627132,12,25z,O
4,2021,3,20230411,Dxhx6FFaG8b78LcMViY,E9HbF9RvkzubH8l26X0,90926916,28030040813,83,34k,884
4,2021,3,20231001,bKxRPyT3kdIaIV952aG,AcBpVJfWUpTM8QPtSvB,66670288,65384285947,11,7326Ä,O
2,2021,3,20220326,AQ09gaIBgpRGfNWF490,nKfyWIg88Cs11jzPOKW,39519448,05665128164,35,25z,O
4,2021,3,20220803,8nCdg4QV6FfBIQUZwGd,hVEleKhAIYzoOtnRL1r,37781248,09999893517,40,34k,O
3,2023,3,20230410,IjHjzdLfWUECuSpFviE,jt2aSo8Yo2qZIuE6pl7,18215309,23943972257,19,34k,O
4,2021,3,20200401,Dxhx6FFaG8b78LcMViY,E9HbF9RvkzubH8l26X0,90926916,19102730638,41,876B,O
2,2023,3,20230904,qYYjbP8yXN9cEHLgGS7,PuyBlfAVSVCZeQ9o10q,54103987,00247950666,47,1234A,422
2,2023,3,20230327,tmmEmPSqCiJ4kSYbseH,6vAte6nqHg8qJz0edeQ,56648819,76041831667,44,34k,O
2,2021,3,20221019,LASMt1zMHCvQMvO47ww,BsHRANhhTQX4eiZGVzQ,17916865,81198867602,15,25z,748
2,2021,3,20230615,0GS9h3wgHkzaCiTfXnW,GyLXG06QQXQxaljk5qg,58284170,52597017564,16,876B,O
4,2021,3,20231126,nxtuBCNKWsGl3k0ieNd,RWq2w1Asssgit3LObRU,51499828,51650271928,51,34k,O
4,2023,3,20220625,4BWnAGO1AmNcfpce3V3,NVwb8PXelbfYvIfxmIZ,87871698,18247904501,55,34k,O
2,2023,3,20220409,8NpTiyNRSAPJnzNwthx,oPpA3L4kCq0BUpnqLC4,22717442,23793903031,81,34k,815
3,2022,3,20231113,3cvVEh2zRTHN6tBNbts,OkP7tD7mK6dEZPUpaqM,13279013,83616930060,73,0099Ä,855
1,2023,3,20231021,hBq1M9Y9dzDRsYbVDVO,QMo57vo0dkg7IXc14dz,88043742,10047063127,61,34k,396
2,2021,3,20230111,NShh5O6MztXLDrJropv,9OWD5mdf04iiOuecoon,27158742,02009549444,29,0099Ä,O
2,2020,3,20190121,fbBTLtwZ5ViEUEaGO8L,yceV3WqWvFBoHMValmH,15033103,17326393229,85,1234A,O
4,2022,3,20220414,6NdEa6oywdilPTMoZeb,ulECPF21ydD4UaCaBZS,41464629,36700469484,19,88x,O
1,2023,3,20230216,ahdRgcDAQteLoGfNMf4,lVbtIJ2zjdScuWjs7IP,86918883,65914951252,32,876B,O
4,2023,3,20220807,dEUKC0wJcB1cU0eTAWZ,E1sueDOMcaGZY5qW5II,65049328,91967457684,75,88x,O
4,2023,3,20230421,67i48PlukjQ7bmmONnz,5Y6foDIROZM7z0TS1je,80770938,00101512705,39,0099Ä,815
3,2022,3,20220725,dG4v1pOOwy4SxrDO4kx,HvzTVsKf3QkohKbHrIb,14827016,46619950686,81,34k,105
2,2023,3,20231012,ocNsYwcXkAczMwHqbA8,cYK0VmeYwAvdZo6Vvsq,06313669,58895552556,62,88x,O
3,2021,3,20210608,0GS9h3wgHkzaCiTfXnW,GyLXG06QQXQxaljk5qg,58284170,54151333979,52,7326Ä,O
3,2021,3,20220403,BEg5EhXostp9B7WQaBT,I3mrdcGBBOk2sS3Ev7h,28530626,54698581846,11,25z,O
4,2023,3,20220409,olw1gnmHA9MJlKllSPK,VhtgDz9wqrXGoCPwVot,86640488,26025043998,44,876B,O
3,2023,3,20210617,I9cQPZwEaYbNLRLCXY1,HMESVew42rOvgSE2tdV,21926030,31922034808,16,876B,O
3,2021,3,20211105,IyKZEp4ouA0339hCgOE,wls1FMGbQAOjRPmWma0,21635172,81629283671,71,876B,O
2,2021,3,20210113,lobpsygUbsnD8W088Tc,Xih6wDwl5U81YjIynBa,41162932,59481689683,54,0099Ä,O
3,2020,3,20230323,96E4eF6LhtsMmMKSvTS,05m9zkcoqCGfx0uii9f,77794750,06783356093,47,25z,O
4,2021,3,20211221,IyKZEp4ouA0339hCgOE,wls1FMGbQAOjRPmWma0,21635172,69292944853,22,34k,310
4,2019,3,20221211,wsN1yzVueLHLhcp3pQg,dQRVvJgmS4u54joybfJ,11287326,96546913028,22,0099Ä,O
4,2023,3,20230912,48u4N069P7uOg9mfVqf,JwNNQkRmLjAP7H1B2nt,95722521,33721169214,75,25z,O
2,2020,3,20230904,ckzfs2QN1RrLkM1ceZY,KwtpmcgUWoWP9E788Cp,35915578,15933370911,47,34k,O
1,2022,3,20231008,4bCglFCjTtG6u7rePTk,Sombt01hspebPWZI2Um,26390705,45090708833,18,0099Ä,583
4,2021,3,20230428,2GxXWYaLet0slwRwSj6,1dAk9ljhKJHyqUSdNtb,59916396,01907475914,33,88x,746
3,2022,3,20221118,xqP6KueghLUyheGv2Q8,Diccn0cK4pjp53C1wjf,50344746,29675882553,40,1234A,O
4,2023,3,20230827,mFb6Wldog5TvxSGiMzf,buZorFJFpvG9tsXTn4a,73238902,49548527686,22,25z,O
4,2023,3,20230304,P0EsIj0OHAFduX2JNtL,50IbbKwV1n7wo1mYN7K,79295369,05614562313,51,1234A,O
1,2021,3,20231213,g9omRCJb5NdREM3IBG6,ACQ9nGUNGHoQ2UxXuz8,59231817,26420224532,38,88x,O
2,2022,3,20220411,nhAUsw2VNUGzbuZ2Ix1,N58nXACgMgArwQQMxGU,78056400,93844764939,23,876B,472
4,2023,3,20221005,jQ1z6eR3EDbatPrh9Y5,9nabIz4sEFdw3a3QFyL,67676611,32360088782,19,876B,O
1,2022,3,20190818,BlPcibROWC1HNOpMNfA,N2Zu6Mad4XfMua4obLl,93344772,01824448360,75,25z,O
2,2023,3,20220905,ahdRgcDAQteLoGfNMf4,lVbtIJ2zjdScuWjs7IP,86918883,58173169046,48,0099Ä,O
2,2023,3,20190409,nHF1TYtf1aaVHWXeCNL,gkIk4e4Dro51pPzcsAQ,38605671,74513370347,45,876B,O
4,2021,3,20211216,pjVRZxKLZEX18tubhBU,LR2IcBdFm3zeWltqWGP,42101828,77596572805,47,88x,956
3,2021,3,20210916,LASMt1zMHCvQMvO47ww,BsHRANhhTQX4eiZGVzQ,17916865,81198867602,46,1234A,O
2,2022,3,20230806,UXYcTzVtdN9piU792sf,uiSuhz0K15SLqHbhVu8,25228436,25350805350,72,7326Ä,191
1,2020,3,20200428,tvHe5uYepnicKz0ljAU,bxmo71mevaBr6LrRmPH,85807506,99103257610,53,876B,O
2,2020,3,20231116,fbBTLtwZ5ViEUEaGO8L,yceV3WqWvFBoHMValmH,15033103,59528631905,84,25z,O
1,2019,3,20230407,wCwFToQ7wdqNnD3BemI,pwzfrmqqdZda1TAsMtf,10764944,51692157463,37,25z,O
2,2023,3,20230404,JGCanBwt7zDxvZQBxwv,38oMDbuPdg7srXpwv5J,47468539,00123802261,43,876B,635
2,2023,3,20231014,JMzBFFMug7GTBS5oQ5j,ZBjGvOrIL5L3UBfrXmz,19354503,57951353915,52,25z,951
2,2021,3,20221010,RnAqPXbT7YanpTH3Gcs,2NCiXR4xgwJDeabFDJE,78651635,12058111906,83,34k,230
2,2023,3,20210421,4BWnAGO1AmNcfpce3V3,NVwb8PXelbfYvIfxmIZ,87871698,18247904501,74,34k,O
4,2021,3,20230312,O45SXtb950sMWJRWfTp,X8o5TpoI9lV5NFypr61,98026207,24586799607,23,876B,O
4,2021,3,20220527,HkZrWs0StKe2ZqjjSOn,rnTUvhAKUCYpnenehGW,35698146,08121499796,34,876B,O
4,2023,3,20201018,Xgc12ZGhYN390C9X0hv,AIzKalmUr7cOoOEKIel,31370592,14302268606,44,88x,O
1,2023,3,20211105,lYSobW0GyDM7Br23jes,J8n9MrHjQ4XyVBa1Z58,63355789,58687926742,63,34k,O
3,2019,3,20230505,Ue3Zvm7OpcjN6uFLWPk,3KnedWyLEi12aJTdLMd,64286003,14336865516,40,876B,O
4,2022,3,20220401,WrQCVRg4dqXToPmxGep,xmNDGOlVyWpcp8JdvaT,01741999,43389815741,36,1234A,O
4,2023,3,20220315,ZB2Sz5zMBlKyJwPmblR,yOlQQJXp31b7SZ2pXsL,97807631,95675618629,83,25z,O
3,2020,3,20230709,IE1vC4eV0as8YX0ib9b,Y5DFXjwiae2SPd8sjGt,90703254,85055256808,36,876B,O
1,2023,3,20231010,P0EsIj0OHAFduX2JNtL,50IbbKwV1n7wo1mYN7K,79295369,77428231501,35,7326Ä,548
2,2022,3,20231204,vnlmW62o0m6JPsUEYmc,yfcAAcY9mOQykGVIwzW,57589830,59173203150,54,88x,O
1,2022,3,20220415,ZNoOjzxmWyMiDZeWts5,CIoWcGfYsijcmvcXjrc,88997304,11241001911,24,876B,O
1,2023,3,20211021,r8VGZ2DmFncRN4fX3FW,lG7Ln83wDwov8blJys5,48644198,63268396228,25,876B,O
1,2022,3,20231026,6pnrGTtjptx2qq6yeDd,x2lN2het6kJ3ogX9CaH,88830220,93139444742,29,876B,O
3,2021,3,20230604,DI5f8UyqIlOo6r61OO0,IUlzh9zxIFO9kFb0BlG,78036678,37182690155,72,25z,999
3,2023,3,20220825,IcJpLvRxZz4YclpR5Mf,Ue3ofangYS6bR1xNsNZ,57342496,52049494416,72,7326Ä,247
3,2023,3,20231001,dEUKC0wJcB1cU0eTAWZ,E1sueDOMcaGZY5qW5II,65049328,19433345695,27,88x,238
4,2023,3,20220418,OjHpq9D7x50rQukLHwe,An2YeJs7GCcd7ZP44oM,93707707,52390556151,30,88x,962
1,2021,3,20230501,pjVRZxKLZEX18tubhBU,LR2IcBdFm3zeWltqWGP,42101828,77596572805,35,34k,O
1,2022,3,20210805,80GJrT2gZzAyahI3hGh,xYgADfys60jMdqQF2uX,01085179,05292318397,72,0099Ä,O
1,2022,3,20220527,mgvUnh1FBR46Lh6bdbZ,BHg9lPkQfjE4yQfEsqW,19470658,17030111484,18,34k,396
3,2022,3,20200412,sfFiYPNKOHHlh5qdGjR,pyAWXrUtDvhnIUhyR5z,88345449,16636854276,38,34k,O
1,2021,3,20231113,206WmMtrv7jCb2cFX95,wf2ZscUg5MmQbtByQdV,06036624,13081830532,72,0099Ä,O
2,2023,3,20230813,RSAco01TW1mUISomgLv,Bd3SAzVo7ToWpJbUMUU,26852392,27765242612,13,34k,O
4,2022,3,20221118,4eQzoIaWUxPMPtAkwLh,bF1bKndRqk1HW1obhAO,33170259,59815925603,55,876B,734
3,2020,3,20231015,urwgK0gkkRINfx3UUPF,zEiQyuHzZELHcEVoAlT,63958587,26117852144,27,7326Ä,O
3,2020,3,20220208,z1mPBcfBguNHvQ8hFRB,WcXvO0pGaHIJyP6n7Gi,55038512,79291935319,65,7326Ä,O
4,2023,3,20200916,fpWk4QcS6eP2Z8e29Bh,srmI5NLSMCGfHnTzlfO,67750141,00370812809,72,1234A,O
1,2022,3,20230505,P4fsOSNkZLY8Tl71kX2,Y8X57FfNHtHyhElDY1Z,99119960,02394484422,36,1234A,384
4,2019,3,20220225,1VUIQWoGwrSMbYHVB2a,Q8hZhKt0LbsXPTWmyLh,19321940,61687587518,38,1234A,O
4,2023,3,20220802,t7LbCBelXSPFT6w1cDN,BY8IeiYO0hLpRKvnV4T,90812717,58907733742,17,876B,O
1,2023,3,20220415,SaxdnI3TCsmjs1vBbvu,Fm4hoFtJL8P9ONFGD0N,91923528,65224099562,42,34k,O
2,2022,3,20210512,mgNq8UoFLCmD2Oce4sa,Xjpao4ZR8szpUZ70oAs,36197125,49336103496,13,1234A,O
3,2021,3,20231020,ZiX1rUFujoQ3z53d4pe,AvqEeSRQY9zrX2vOwHb,43323700,14171705624,33,1234A,O
4,2022,3,20200618,rR8uovoWLJ4C9U6zcIy,YAXDctqX9PGrwE3Rze3,23235780,63731071547,31,0099Ä,519
2,2021,3,20220310,EDlJlGg4B88qrqVbsjg,ApvkVnaIpl8cMvXPIEl,20898608,90121042618,25,0099Ä,480
4,2021,3,20230805,9aOFuzkFdB7tL0D2kzQ,bxo5xyindgBZEregwZM,71583592,68308661655,25,876B,272
4,2022,3,20231108,k9LWHLDrQkGVSDygO5M,eZpeRYwfVYB77wzpXJP,46221717,56194642153,71,1234A,O
4,2023,3,20230124,nLomUM3tFmC9iZy1wpa,3frgFzJULOnYtLCrRZI,16145044,49211561737,39,88x,956
2,2021,3,20230513,bKxRPyT3kdIaIV952aG,AcBpVJfWUpTM8QPtSvB,66670288,62023546059,38,34k,387
2,2019,3,20231108,ZC91ua4te9O48imHgaD,P8DFqG3w4CK70sNpomW,55258828,94800348924,23,88x,O
2,2020,3,20210305,ckzfs2QN1RrLkM1ceZY,KwtpmcgUWoWP9E788Cp,35915578,75640804229,51,88x,O
4,2022,3,20211216,pEmblcH2myDLsoOPxud,GeVWaHMI1xd6FG4ter4,24045390,24385376308,42,1234A,O
2,2022,3,20210407,q0PZNVcIG2DJQzDOAfX,vwIIsq7eCcM8FYPpzhB,07740500,06192365344,55,7326Ä,O
4,2019,3,20221109,XNaesordWZzmedk1p6u,9YQGZas69zu2KNhkgBu,23989640,26229571841,29,876B,O
4,2019,3,20220322,ceBTxS6J5QA8ktP5gJx,uE73V6kE7jeywD9U7Ds,84873170,01287638989,26,34k,949
3,2020,3,20220618,urwgK0gkkRINfx3UUPF,zEiQyuHzZELHcEVoAlT,63958587,26117852144,55,25z,O
2,2023,3,20220418,V6P1qGgeNnrseryJbze,PBWwL40PjVg7puVh59w,37846627,78834454479,22,88x,O
2,2023,3,20191015,Ng8seYOY0Mde1oOxrsp,e5Xuv7kLdcVPurSnFfw,35930473,59741583729,19,876B,O
4,2023,3,20230924,TnoFSoGigOiR4qiAwf4,tED6n75NsFltvOwWCtO,63090760,53786443878,52,876B,O
1,2022,3,20220326,quDtXfQVuDCSAX166nf,alhTAXv39EOC3k8DqHi,21502623,95807548834,48,34k,590
1,2021,3,20230304,bKxRPyT3kdIaIV952aG,AcBpVJfWUpTM8QPtSvB,66670288,62023546059,44,34k,O
2,2021,3,20200306,xZ2aJ3GvSpLRMJCnLTS,QodZ9rFx7t88temtqgR,44066059,22970003045,63,1234A,O
1,2021,3,20191015,fqkJMkT1dQZJvsIgUJa,N4GqKSg8X7neEdvHEix,53499615,87561578914,14,876B,567
3,2021,3,20231108,Ru3hFV6HKmU4NNqczsx,2bLSotB7v2qJSS0mMGv,01951031,36730896900,44,34k,O
4,2020,3,20221220,9IsyJV61YVdpmSna8ee,kgvfP5nilmBKn0sZMIh,02882477,01088952355,52,7326Ä,105
4,2022,3,20230207,Nh6r7ZMc1zWJryiiWMH,UBm1osJGxcAMA75cS2i,04708714,80108145688,73,7326Ä,124
1,2022,3,20230227,kyloJFAtoMhWUuJzeeJ,llmTIvWFptnLqKJ3oMx,73503220,49473722650,36,25z,230
3,2021,3,20230423,ndNI5G5KNAdpHsI5AvU,tBzycsuJ7FLJLW3DEuI,56472981,41628141615,18,7326Ä,567
1,2023,3,20231118,RSAco01TW1mUISomgLv,Bd3SAzVo7ToWpJbUMUU,26852392,27765242612,74,25z,O
1,2022,3,20230513,pmwZs7vD9VHQI8adhFl,stdtobz4frGC8xeKjmo,09551697,60159237471,82,34k,O
1,2021,3,20230404,ZTusLgAWWINCuKHdAqX,u67PTGDgRSfh1XRj0rL,22029168,79528586826,31,34k,945
2,2021,3,20220414,DI5f8UyqIlOo6r61OO0,IUlzh9zxIFO9kFb0BlG,78036678,37182690155,51,1234A,748
1,2022,3,20200306,ebqCfrgCkUT01RkPDSz,WQ39N8O9QwXiNZCO9dp,22593995,51341393705,17,34k,298
3,2023,3,20191107,8HDLjpUSsCKEEqrprqK,93PFHnDYf6q5S5LJtoh,46809603,44505103999,28,0099Ä,O
2,2021,3,20211121,xT47Vpx8lKupJlFpafD,KaJkCVDEZ5uWiO3erex,99660305,10051365650,51,88x,O
1,2020,3,20210907,ckzfs2QN1RrLkM1ceZY,KwtpmcgUWoWP9E788Cp,35915578,15933370911,84,876B,O
3,2021,3,20210308,7nPSjDoDLZJYSU91ah6,v7gG0KT6kBtJ3H9hEAt,34410847,47932627132,61,88x,O
1,2023,3,20231004,gehB5xM7MueUpgMpZDq,8HEKTOANn0naDDFhkoH,06814436,12813690381,24,7326Ä,O
1,2022,3,20210916,k9LWHLDrQkGVSDygO5M,eZpeRYwfVYB77wzpXJP,46221717,56194642153,71,88x,O
4,2022,3,20230303,13BI56bUP3GT9sHkFGw,x0Bs3IHFvzRO8mhdKHT,79321429,98850160814,51,7326Ä,O
3,2022,3,20231207,zK5iDZGumPsU5kpEjEs,MtlVCbtQLicFfRiYlU6,58145063,86748886018,29,34k,O
1,2021,3,20230513,Isd0dpV0ANBUSpEHKnk,hjewYHXPvGuPPxKgvdZ,54996536,20230896285,82,88x,O
4,2021,3,20230413,LnQoRnuVyLZekAz4rN2,tuLCNHqn9MwCTQ0H007,17266361,20820849578,24,876B,O
1,2020,3,20230918,ckzfs2QN1RrLkM1ceZY,KwtpmcgUWoWP9E788Cp,35915578,75640804229,75,25z,O
2,2021,3,20230216,RnAqPXbT7YanpTH3Gcs,2NCiXR4xgwJDeabFDJE,78651635,12058111906,25,34k,O
2,2022,3,20220803,ujWxfJg30MagZ6nV6fi,qP6ISBaefWsoz2CZzmU,69022529,74431978799,85,0099Ä,O
3,2021,3,20200909,LneQGNNQ07vm9zMT5T7,zKxBGQamQo4Mxwffrpq,02769007,41944796452,83,88x,O
4,2022,3,20220618,PcbHnHyLCyGtJOLi4UD,TDjVX5QRAm03dLBQq4X,89502789,67709801622,39,34k,855
3,2021,3,20210805,vVPm8ZjPA2ekNBedHpQ,K98NzdxsQ0oHxhmbHX3,55590239,58131444454,40,34k,O
4,2023,3,20221211,3Ruax6aKSAVVng89YXi,ACXLZyC9p8HxtiskLAY,61844993,46520190980,46,7326Ä,O
1,2019,3,20220905,9VugNglXbw2ANOUW7E4,1D7u9H0f6RNS8yPwSpT,49903489,08629717316,22,1234A,O
3,2021,3,20230421,bXoVOlm1Z3vUolyReLP,eBcUvEJIgx2ee3ZhhCM,70462596,34729607389,52,7326Ä,O
2,2022,3,20230627,vnlmW62o0m6JPsUEYmc,yfcAAcY9mOQykGVIwzW,57589830,59173203150,81,7326Ä,O
2,2023,3,20201020,A7TfD8SePI0XERsxj6O,O8tbwY40BeExNe01P0n,10015945,53149801098,65,876B,O
4,2022,3,20201112,zaCTKqDWIj7abgBcTUI,aM2XKgQsgGFgHh2ea2x,70634278,79763863017,84,0099Ä,O
3,2019,3,20211008,1VUIQWoGwrSMbYHVB2a,Q8hZhKt0LbsXPTWmyLh,19321940,61687587518,36,1234A,O
1,2022,3,20230918,E9m3FHhMf6uvyfiM9ar,lmMypcIww7mBV6zvyQ7,20643406,50370675860,53,88x,O
4,2023,3,20231026,eZPSb2TpbFjbDSEJn0v,Zbp92CqfopVHAbrrJN7,73771338,91181204143,37,0099Ä,O
1,2022,3,20230501,lQx9XypEdr1rAoxCCzr,PRnu9L95sSjmeQoqEXT,89508487,21763889743,14,1234A,457
1,2020,3,20220907,NsP4p25bkuQT0acz9zc,3tPY7Qu2Qx5QwAytCLR,82696247,58508621488,61,1234A,O
4,2019,3,20200328,gvrzXZDoArkc93BZHiv,zHHawjBxbZlOkXXfdIA,25720963,10147399080,85,876B,O
2,2023,3,20210916,Cp4gdvlTD6zB7taxETc,PAh0P6q65dblB2ggrs9,31922994,83338409709,45,1234A,O
1,2023,3,20230622,DlytQ7IT4e2RGFcQpWd,BSerEjTjkZwT6tZADCl,26218457,41172323940,41,876B,O
2,2021,3,20230516,ZTusLgAWWINCuKHdAqX,u67PTGDgRSfh1XRj0rL,22029168,11557166581,36,1234A,O
4,2022,3,20221023,HSMDNNjX5jPJDl3qo3o,nP6SH6DLYX9NNjKybok,58888998,19345439990,83,34k,O
1,2023,3,20230319,fpWk4QcS6eP2Z8e29Bh,srmI5NLSMCGfHnTzlfO,67750141,00370812809,64,0099Ä,O
4,2021,3,20220226,izOFw0MY944tSDL7nt9,NXsPX8mwbYpiKrIgA7X,44873827,54873712614,31,7326Ä,422
3,2022,3,20200401,V7fXW6TEdPGkzrmtqEJ,1jutUa1w8tZ4QIiwIpe,36384975,01143839408,82,1234A,422
4,2023,3,20220403,CNQJwirPTApRiok9ouR,d9Mk6b8E2DusfLvBxHW,12225014,06692124009,52,7326Ä,O
1,2023,3,20231018,mDH0BMKpu4lLfwRbmTp,1IEX1GIvrM2pDUJOhka,91090722,11453419204,63,25z,637
4,2022,3,20220310,q0PZNVcIG2DJQzDOAfX,vwIIsq7eCcM8FYPpzhB,07740500,98295133263,26,7326Ä,O
3,2022,3,20221207,fo18ESH5hIqZbFmGefY,8wq5X0G4NA4SF91hTlP,42889478,55158359414,11,1234A,O
3,2019,3,20190909,Ue3Zvm7OpcjN6uFLWPk,3KnedWyLEi12aJTdLMd,64286003,14336865516,33,876B,O
4,2023,3,20201020,tgZYl6JH4vG1mmEfakk,WzRLaNyZyeIaNwa0NfK,32698881,75803500259,71,0099Ä,O
3,2022,3,20230918,Cg8BWXhcByQqTPif319,6ks3dJGuXe57mgBsaCJ,49624822,74962315011,36,34k,O
4,2021,3,20230911,yw0npIKcoZGoE53jt3I,nKv0CUMZKgs5beOiI7o,87458263,42638036813,61,25z,653
1,2021,3,20231018,PdFB1C7HrllUd6eTFTQ,OBo14qQwiJyrk3Yrvwp,71292374,64185537288,18,25z,O
1,2023,3,20230918,gehB5xM7MueUpgMpZDq,8HEKTOANn0naDDFhkoH,06814436,84199369165,33,25z,340
3,2019,3,20230216,PWgl9m4lvA5XwSVunOw,Abb5vdoW6A8hXmRh6Ai,09421804,48331414270,82,88x,O
2,2021,3,20221112,wIjwJekgeFs6XPeNtAI,2FI1ZLAe7Okr0GStOoZ,12858378,73302200452,29,0099Ä,O
1,2021,3,20200216,zSnCgJobOOdymwyIrUW,oNaiNS01B1nbHbgbEKt,70527089,75760732804,75,34k,331
4,2022,3,20220803,tKBNBF3zWEg4s9EHPSO,iawkyAzgpCkd4HeFC4d,16928500,32496868547,30,25z,O
3,2019,3,20220917,9VugNglXbw2ANOUW7E4,1D7u9H0f6RNS8yPwSpT,49903489,20674257227,31,34k,O
4,2021,3,20221027,jR1LNhAun6kGOwCnqTQ,WK1xi8lJBzSr1DaOBNj,13823001,44190401790,33,0099Ä,O
1,2023,3,20230918,9YIKhSrFuRpbQcOJrBj,rlIlwcfLsGbd1pBC7lm,46798489,64534026218,52,876B,531
3,2023,3,20220611,9YZ4M2jGFB5HiceEl5S,tMriRQn32looAZRif32,96478120,68650715651,54,1234A,O
2,2021,3,20231028,H09dd6KQoen8sbMlOYe,3AL6r7GYu1F5xn4qVSI,79353498,50485712154,42,7326Ä,O
2,2022,3,20210619,Cg8BWXhcByQqTPif319,6ks3dJGuXe57mgBsaCJ,49624822,75740122952,73,88x,365
4,2022,3,20221019,9UpfzgMfkv7FvMMInm9,hEJBIkT9E7UsnWFaHZu,70237536,71461407071,44,25z,O
3,2023,3,20210411,LbRHQvOs392P20yHErX,KwuhNxH2YsPI1Uyhaw0,17017052,48380826527,29,0099Ä,O
3,2022,3,20230216,Cgdwa3vFBIHd71vKXk9,fLwuvJsalSN3KzQ9D8d,31355148,49098752016,13,88x,O
4,2022,3,20231006,Gp1QtoHj9621tbEcxew,pFLm3NiuZ9oFBoOAUT1,24760802,79914706006,44,88x,288
4,2022,3,20200122,T8YGsRjUp90Ku2vJIFW,yLHOAwTRqbQyZtnwrnL,94404122,19003791548,63,88x,697
1,2023,3,20220326,pUT9OWRj66n3gzdRcRX,o2KtfKGqAKIcD2xLtZ7,11740556,50027021690,24,25z,O
3,2020,3,20220509,7cj4n5P9SFJBpRQiVFU,bdFkbYsZjDBDJoTgUG8,54870581,21573545183,26,88x,519
4,2019,3,20230905,ZRBmdnyfYvhSt93eU6E,mPpjdxbiUZTjxm0vvfC,36531760,57803327128,16,876B,O
3,2021,3,20221023,O1BiqTpAizqTAnYc9qF,1L2OW6ROMYO3Ys8gSYJ,99871464,90688932799,61,25z,O
4,2019,3,20210311,wCwFToQ7wdqNnD3BemI,pwzfrmqqdZda1TAsMtf,10764944,51692157463,27,876B,460
4,2022,3,20190121,jIT6jYc1Q3NISMpV0L8,d6lAg0PT3ZPiPA4q6Ki,37390889,91792306683,34,0099Ä,310
1,2019,3,20190818,wCwFToQ7wdqNnD3BemI,pwzfrmqqdZda1TAsMtf,10764944,46860451893,24,25z,O
2,2021,3,20230202,wDwjrj5S6SrW9osgeNU,42kOJ2MGBoSWAZpeKUJ,94141616,70533463384,16,88x,O
2,2023,3,20210311,Im4ECUKq4l3NreGSbnK,ba1vgeRSE9IIu8qT0jv,30239933,57347487171,72,88x,O
3,2019,3,20230303,JxEKYlDpCBIRD5rFkjG,Eaak0oFfPWj5U3yRgVl,43849789,72683592368,30,0099Ä,653
3,2023,3,20230307,WHoBpbLIaychYrRNjVZ,1LhrH0YPSmCVM7zJTPa,79377703,03857482787,52,25z,O
1,2022,3,20230811,AiGPwZwAbG3xkqkw4DV,yTe3v9IaBei4wIJGH8U,02539999,49936494159,62,7326Ä,247
1,2021,3,20210208,Vs0cPM5cGYVKZGRiSAT,RMxhYlMuuNVTMLmvVlO,61900948,31672077986,61,876B,O
2,2023,3,20200216,DlytQ7IT4e2RGFcQpWd,BSerEjTjkZwT6tZADCl,26218457,41172323940,36,0099Ä,815
4,2021,3,20201112,xT47Vpx8lKupJlFpafD,KaJkCVDEZ5uWiO3erex,99660305,10051365650,39,34k,O
4,2023,3,20230214,kNhRH4zPG7jZsyoONHo,NIquOmoYmKhu68iexPO,14722400,64751255518,62,25z,O
4,2021,3,20230923,wDwjrj5S6SrW9osgeNU,42kOJ2MGBoSWAZpeKUJ,94141616,10347986800,29,876B,O
4,2021,3,20230322,bKxRPyT3kdIaIV952aG,AcBpVJfWUpTM8QPtSvB,66670288,62023546059,85,34k,945
4,2022,3,20230403,dG4v1pOOwy4SxrDO4kx,HvzTVsKf3QkohKbHrIb,14827016,46619950686,27,0099Ä,O
2,2022,3,20220415,QanY10tYNPOu09QpDcC,dHn67MuL26MRbahSRL6,33824124,50935765132,20,1234A,548
2,2021,3,20221109,Dxhx6FFaG8b78LcMViY,E9HbF9RvkzubH8l26X0,90926916,19102730638,23,876B,O
2,2021,3,20190318,lobpsygUbsnD8W088Tc,Xih6wDwl5U81YjIynBa,41162932,78414732930,18,7326Ä,O
1,2022,3,20230920,OWsOt0Jd7XRAOInkgQ1,YEXUNNxn4QgAvrwtvDO,41837893,13894060723,42,876B,O
2,2023,3,20230615,arsKVJLMoE9cSXPq2DH,2AfQ4KY5VJCgwjcuZFw,37103060,15144122669,28,0099Ä,O
3,2023,3,20221109,Xgc12ZGhYN390C9X0hv,AIzKalmUr7cOoOEKIel,31370592,76288459889,52,0099Ä,O
4,2022,3,20220306,0jOgoeZGXWFJ31JRZ6H,rSbqqwmCCkW3LwHT6T6,89411322,38051812172,12,25z,310
4,2023,3,20230823,IGsipHRrI33vWUsLaqP,j4AbXgWwMePmbpTlWLZ,03624413,93870990251,11,876B,590
3,2023,3,20221023,48u4N069P7uOg9mfVqf,JwNNQkRmLjAP7H1B2nt,95722521,33721169214,34,0099Ä,945
3,2022,3,20230827,M8OHlje5H04dlW7VF66,MGKg8JBbv2Yld2msBl6,48007840,14742586895,81,25z,O
1,2021,3,20210113,kJNU4SJjlMH3bGDpO9e,ijC7oqiTL6DDQFJfBSE,93628499,84911900283,30,0099Ä,O
2,2021,3,20220825,Dxhx6FFaG8b78LcMViY,E9HbF9RvkzubH8l26X0,90926916,28030040813,31,7326Ä,O
2,2022,3,20210805,mgvUnh1FBR46Lh6bdbZ,BHg9lPkQfjE4yQfEsqW,19470658,17030111484,65,88x,O
1,2021,3,20230316,IDbAv2xw4mewstUhPPV,weJY51qZERcavJEywq5,24098920,81392210081,53,88x,O
2,2021,3,20231014,O1BiqTpAizqTAnYc9qF,1L2OW6ROMYO3Ys8gSYJ,99871464,90688932799,15,25z,O
1,2023,3,20221019,nozaId3mWZR152m7nD2,2DRffZxhpkHIdqMzqLi,72808748,78934614211,64,1234A,O
4,2023,3,20211203,IcJpLvRxZz4YclpR5Mf,Ue3ofangYS6bR1xNsNZ,57342496,52049494416,37,88x,O
2,2022,3,20221015,RhWusS9Gh6O6MxlHOIz,XFVMIZcgDSFywxDLqUy,10456949,97781340515,32,7326Ä,387
1,2020,3,20230615,C8AG6orUdpzZYff2dPC,2B6FOvnGvHDQ8Z7LJIB,59373588,17778683752,32,88x,306
4,2023,3,20230207,9YIKhSrFuRpbQcOJrBj,rlIlwcfLsGbd1pBC7lm,46798489,64534026218,81,88x,O
2,2023,3,20221106,dEUKC0wJcB1cU0eTAWZ,E1sueDOMcaGZY5qW5II,65049328,19433345695,35,34k,O
1,2022,3,20220226,tZBdAM6YN2gnkPs78za,LrKoem1NdnYoQxkZtOO,13713756,40796806485,15,0099Ä,O
2,2021,3,20190818,aHY9KcZO8BjR9WbYiQZ,LAbYcycw3ptLkFs87Bg,76771189,41432297768,75,25z,O
1,2022,3,20210305,dCUaFVa4z0mW9ODmfvB,17DQEAMAEaxHYo5eY6p,83245793,36689610872,16,1234A,O
3,2021,3,20200719,xZ2aJ3GvSpLRMJCnLTS,QodZ9rFx7t88temtqgR,44066059,22970003045,24,876B,O
3,2022,3,20210426,my08RB9bMiBUDZQhA7C,N1kelBIP8kgVYksfZmv,63084616,29042394995,17,34k,O
1,2023,3,20220509,xBljAWlMCb8e7ziB8hg,DBVr7pIYg32yXKHEUbR,63064173,46608881443,22,1234A,O
1,2023,3,20210512,PiTdaJym75x77BadRic,8TCk7s9Laa0m2FHDwxO,03183069,40587895884,22,876B,O
3,2021,3,20221023,uQ16XckJ7v1WJqcnz3G,Sppv214Q0U0QOT1aVzr,35089713,21721144564,64,7326Ä,O
4,2022,3,20230501,d5LdMAyfWyy1HaqkK2v,UVeah3MYLMBnfHEHMP0,68027462,20037108496,40,34k,O
3,2023,3,20200406,Uq9IyDC1lmdPaaM2Mlm,QMPKWwnx9tuQLKaJvMg,53621992,35524740934,41,7326Ä,O
3,2021,3,20220322,32yhIyvtNUA3WZYj5bE,iVTUZepu51lQYdWHZIl,49819812,14748986807,11,7326Ä,O
1,2022,3,20220208,rR8uovoWLJ4C9U6zcIy,YAXDctqX9PGrwE3Rze3,23235780,86277494146,42,34k,240
4,2022,3,20231213,UXYcTzVtdN9piU792sf,uiSuhz0K15SLqHbhVu8,25228436,25350805350,72,876B,O
2,2023,3,20221001,mFb6Wldog5TvxSGiMzf,buZorFJFpvG9tsXTn4a,73238902,57793017430,84,34k,O
3,2022,3,20220322,ebqCfrgCkUT01RkPDSz,WQ39N8O9QwXiNZCO9dp,22593995,51341393705,83,876B,947
3,2023,3,20230516,nLomUM3tFmC9iZy1wpa,3frgFzJULOnYtLCrRZI,16145044,23853447142,64,7326Ä,O
4,2021,3,20220422,Isd0dpV0ANBUSpEHKnk,hjewYHXPvGuPPxKgvdZ,54996536,26761584176,71,34k,O
2,2023,3,20230714,tedoqztzC0LewyZ3Wp7,NFKiapc5hk8DOvOUGeE,08614388,16835136116,74,88x,O
3,2023,3,20220319,CNQJwirPTApRiok9ouR,d9Mk6b8E2DusfLvBxHW,12225014,43149196323,37,0099Ä,O
2,2022,3,20191003,6pnrGTtjptx2qq6yeDd,x2lN2het6kJ3ogX9CaH,88830220,10860993310,34,1234A,O
3,2023,3,20210208,YCSgOCwQL8sy7vkq8Bs,phKFEPeFJaVWkcdr49t,29492771,09185442339,40,0099Ä,O
3,2021,3,20230806,206WmMtrv7jCb2cFX95,wf2ZscUg5MmQbtByQdV,06036624,33273043457,38,0099Ä,405
4,2022,3,20220306,Cgdwa3vFBIHd71vKXk9,fLwuvJsalSN3KzQ9D8d,31355148,49098752016,46,25z,O
1,2020,3,20230516,9IsyJV61YVdpmSna8ee,kgvfP5nilmBKn0sZMIh,02882477,30349991560,32,88x,491
2,2021,3,20211014,HkZrWs0StKe2ZqjjSOn,rnTUvhAKUCYpnenehGW,35698146,08121499796,38,88x,O
3,2023,3,20220813,6519LziTeyAb7QgEqQo,5ed2eoEWioRomAUnSTO,17858801,51164135526,36,88x,O
4,2023,3,20230323,A8Dybk9pQhLwZcl15Ww,ViMGxXCOlc00liEVWHR,27130771,87053173723,17,25z,O
1,2023,3,20201218,pzAP9LJjosEFTBzDvEI,Ex8LnzBWOEQLi1QRXrd,54871635,83615843796,37,34k,240
3,2022,3,20221201,9mmilxJ2tfpBVdPn5D0,9Dp6nHoWmFv44C6S6dT,78519775,22501531276,53,7326Ä,O
4,2022,3,20220522,9MZ3RhUKBvD8DzRpt5Z,EfGvFEMEvfLFh2rzgQe,51095556,69951691058,11,1234A,O
2,2021,3,20230208,OeDflSvDJBu9qjgmshI,HD4YxAyO8CTL1uiOs72,27441074,80931796513,52,34k,O
4,2019,3,20220203,d0uX5QQAh0uv9N7HMfF,gw3ylmi2gsfdPc0Q53R,69670544,65477697736,64,876B,O
3,2021,3,20230402,wIjwJekgeFs6XPeNtAI,2FI1ZLAe7Okr0GStOoZ,12858378,73302200452,24,0099Ä,O
1,2023,3,20231015,BjhscJL8OAFwNaEtGhz,GDXZx8ShiuIKMmoL49Z,54402371,54428593819,61,0099Ä,O
4,2019,3,20210318,1VUIQWoGwrSMbYHVB2a,Q8hZhKt0LbsXPTWmyLh,19321940,61687587518,26,7326Ä,O
3,2021,3,20230805,xZ2aJ3GvSpLRMJCnLTS,QodZ9rFx7t88temtqgR,44066059,22970003045,44,1234A,O
2,2021,3,20221016,obHEUZJ6ABBlMLKxsLH,FvFk8NpHuk2Am29R18u,48240369,86935786257,11,7326Ä,746
4,2022,3,20220419,9SuhcKH3CV4iaSnv2Bo,PQa0U4VSjlEEtCGvOki,21789881,85316693599,15,34k,O
4,2019,3,20230111,anpWXATld2900Xxr5Qx,2IjwFY5DqZxIztb1q1n,18043000,31068758447,23,0099Ä,O
2,2020,3,20210907,fbBTLtwZ5ViEUEaGO8L,yceV3WqWvFBoHMValmH,15033103,59528631905,48,25z,O
3,2022,3,20220518,07jNdx3Slds1zwnbmwP,BCBk4DAN0pyJcDr71qe,76148764,19651763282,25,7326Ä,331
3,2023,3,20210318,IlUfcyQ0uhDZLvoe8ND,X7f1AF1e9bXLMHqZt0K,87820067,06795440870,21,25z,O
3,2021,3,20210407,Vld65OJ24HoCeuNQVlb,qrUvdsYTOhDE13kAFrg,83394115,67010264399,20,7326Ä,O
3,2021,3,20230904,pjVRZxKLZEX18tubhBU,LR2IcBdFm3zeWltqWGP,42101828,77596572805,61,1234A,O
4,2022,3,20221121,UAPm4HXgRjLD1mez4RG,w1T9MzbY6aUAzE5JNTP,13816875,47032921950,65,25z,124
4,2022,3,20210420,4bCglFCjTtG6u7rePTk,Sombt01hspebPWZI2Um,26390705,45090708833,34,1234A,O
4,2023,3,20210304,3KerPzRpceN8wf9lCdI,N5tCFaiLqva6tiS2RIg,94879527,68631618564,44,34k,O
2,2022,3,20221121,ezZYgvSflPYhipgTyuR,Bq6XOQCV7yTtI02z4nt,06089457,72422752974,41,25z,O
1,2023,3,20220927,pubJHWB0xkR4AWR6u5H,fZaHKwcdcaI35YUNK2N,22799774,90874178232,33,34k,O
1,2023,3,20200406,PiTdaJym75x77BadRic,8TCk7s9Laa0m2FHDwxO,03183069,43887147560,75,1234A,468
3,2023,3,20210420,Ng8seYOY0Mde1oOxrsp,e5Xuv7kLdcVPurSnFfw,35930473,87453076037,84,34k,O
1,2021,3,20220203,ZTusLgAWWINCuKHdAqX,u67PTGDgRSfh1XRj0rL,22029168,79528586826,26,1234A,405
1,2021,3,20231004,wDwjrj5S6SrW9osgeNU,42kOJ2MGBoSWAZpeKUJ,94141616,70533463384,13,876B,288
2,2023,3,20220917,nLomUM3tFmC9iZy1wpa,3frgFzJULOnYtLCrRZI,16145044,23853447142,82,1234A,O
3,2023,3,20231001,ahdRgcDAQteLoGfNMf4,lVbtIJ2zjdScuWjs7IP,86918883,65914951252,64,25z,O
4,2020,3,20230916,jtH1vc3yQivaAPC3uAJ,PAQ2z7jk4jtT0sKowZt,29122619,01765511089,26,7326Ä,O
2,2022,3,20230904,z6zrzyaGWV7YTVBb7gi,fnulmUxFhM5DxzpR4F1,43769304,84300496052,65,876B,O
3,2022,3,20220517,tKBNBF3zWEg4s9EHPSO,iawkyAzgpCkd4HeFC4d,16928500,32496868547,42,1234A,O
4,2021,3,20220203,XFHSfT7kzxgISlGpyL3,bvqWgQvS60sNYNwG1Fj,18255176,00998755907,27,25z,O
2,2021,3,20210814,ZTusLgAWWINCuKHdAqX,u67PTGDgRSfh1XRj0rL,22029168,11557166581,54,34k,O
3,2023,3,20220509,r8VGZ2DmFncRN4fX3FW,lG7Ln83wDwov8blJys5,48644198,32889044634,74,34k,O
4,2023,3,20231010,2LYs2ZLh7WtQM2EPv2c,blbeqmc0HKirsRijv5X,05315437,03105413629,61,1234A,O
1,2023,3,20230811,nLomUM3tFmC9iZy1wpa,3frgFzJULOnYtLCrRZI,16145044,23853447142,34,876B,O
1,2021,3,20230415,LSBFWRgWeyTMFkHcg1O,hAqAEFGWbfTnU4fTtpf,88508383,28977849155,36,0099Ä,O
2,2022,3,20210421,VlWulkdpDfb96HHcLnw,r74OqyMhkRTer5kec6Y,38282142,71635306105,71,25z,O
4,2020,3,20191107,En2grFemKZ0uLoG8sz5,ys1swh7cO3cTT2uEMSi,51616935,57372586500,20,88x,O
3,2020,3,20230316,fbBTLtwZ5ViEUEaGO8L,yceV3WqWvFBoHMValmH,15033103,17326393229,83,1234A,578
4,2022,3,20231020,l3C1PFjSTiAsMNJoqUy,CzIqb3qDM1vx6AMywnx,88138754,87292107004,51,1234A,O
3,2021,3,20231126,Ru3hFV6HKmU4NNqczsx,2bLSotB7v2qJSS0mMGv,01951031,84429391347,17,25z,O
1,2021,3,20231226,Dxhx6FFaG8b78LcMViY,E9HbF9RvkzubH8l26X0,90926916,84036552195,48,34k,O
3,2023,3,20201018,xAGKVXWX9sF6Ft7SoWb,wud2G9J9YGhABcRNUIW,06625778,77523182045,73,876B,O
2,2020,3,20190505,FfVPBWN89xl5ezuuLVe,Hc3l1cLY7SnDVvvL7PN,99271098,42782292198,47,34k,O
1,2021,3,20231005,1bCXWuIBi2DLSEKj9lJ,uF6LswsZlsB8WiYLN53,84609435,75346908366,18,25z,O
2,2022,3,20220327,jxCAFQAI4t54OBtDJTz,e9q5ntfXhmHdw8dyBPJ,44275640,59851363086,61,0099Ä,O
2,2019,3,20221201,P673cSFi0rER6kZ4fjD,uVHmtx84uNVBUkZpdgS,67782845,82424117382,45,876B,367
3,2022,3,20220509,PcbHnHyLCyGtJOLi4UD,TDjVX5QRAm03dLBQq4X,89502789,67709801622,14,25z,399
2,2023,3,20220520,nHF1TYtf1aaVHWXeCNL,gkIk4e4Dro51pPzcsAQ,38605671,74513370347,36,7326Ä,O
2,2023,3,20190818,ErOyDesDeqNGutc3Mzy,GH6FjfmrN5oN9aeIHfK,68071369,04705288989,73,0099Ä,O
4,2023,3,20211216,mFb6Wldog5TvxSGiMzf,buZorFJFpvG9tsXTn4a,73238902,34539568179,47,876B,884
1,2023,3,20230611,mFb6Wldog5TvxSGiMzf,buZorFJFpvG9tsXTn4a,73238902,34539568179,48,1234A,O
1,2021,3,20210401,32yhIyvtNUA3WZYj5bE,iVTUZepu51lQYdWHZIl,49819812,73319148335,45,7326Ä,O
4,2021,3,20230421,5gEWklSVs0KWUJxzZzA,nGeqw9dwfzKgv0NmJ11,75147662,30336199050,83,876B,345
1,2021,3,20200909,Ru3hFV6HKmU4NNqczsx,2bLSotB7v2qJSS0mMGv,01951031,36730896900,24,25z,469
4,2023,3,20220518,EEH6Y6nZngH58gfmtQ6,fFDECv2ry8low5vfiD3,63887946,97933087927,13,876B,480
3,2023,3,20210814,9YIKhSrFuRpbQcOJrBj,rlIlwcfLsGbd1pBC7lm,46798489,64534026218,19,7326Ä,O
4,2022,3,20230111,PpsFcQ8SlvyRFBIMJA1,O6MHWnCaOLnIVLvztcF,71905493,83620128989,27,876B,O
1,2023,3,20231006,gyXGHbkvklbdvpaU2iZ,Mz7pWwLnfQHvSGelDw5,16337131,35231610432,24,1234A,O
3,2021,3,20231226,Mc98D68syqJHsvV0JBe,8Pizdjwyt1rF94lr33p,42895276,66109983196,83,7326Ä,O
3,2022,3,20190409,V41kIfktrCUtZM8zYmV,JCHPp7otUVpQMAKWH5s,54460291,95463510040,65,34k,O
2,2022,3,20230304,LBcatA0ghu1OdCNPbN5,FV5Ysg9jZum82o5crgO,32391615,32917618583,62,88x,O
1,2023,3,20191003,BjhscJL8OAFwNaEtGhz,GDXZx8ShiuIKMmoL49Z,54402371,54428593819,12,1234A,O
2,2021,3,20230627,Ru3hFV6HKmU4NNqczsx,2bLSotB7v2qJSS0mMGv,01951031,84429391347,54,88x,O
4,2021,3,20230411,Ru3hFV6HKmU4NNqczsx,2bLSotB7v2qJSS0mMGv,01951031,75999181473,85,0099Ä,O
3,2023,3,20230319,8tcEuYEsXz0dhHKyOjD,aOROBMjoDOug85GT8Rp,67436131,54479650704,43,1234A,O
4,2021,3,20230124,uQ16XckJ7v1WJqcnz3G,Sppv214Q0U0QOT1aVzr,35089713,29322157844,54,7326Ä,O
1,2020,3,20230627,HDykofAtDxkWZntE4ag,lqrBdnU0AuphQtfYh2a,00537493,38981632702,33,1234A,O
1,2022,3,20230411,VlWulkdpDfb96HHcLnw,r74OqyMhkRTer5kec6Y,38282142,71635306105,83,25z,O
4,2023,3,20220414,CNQJwirPTApRiok9ouR,d9Mk6b8E2DusfLvBxHW,12225014,39286299656,74,876B,O
4,2023,3,20221227,S7PvdXZLwSuDToj0T9x,6eqGAakvKUH1vCxrlJe,34788090,20805513725,46,0099Ä,O
2,2021,3,20221109,4Z0Ty85gx0AKqRJQ51u,v9XKo3WQrNlzSM0jSNj,19702096,69010040125,53,1234A,O
1,2019,3,20191107,JBYAyz8Zw6O0VNZuwSo,aXJ2rvXZdiS6gKZmAJp,77103248,39389744573,21,0099Ä,O
1,2022,3,20200406,h1PqLldkG5Xp5wtwVyH,DTIvhnj7L0wTZShiuyh,31275481,91458988907,39,88x,O
1,2022,3,20230312,PQF6KsfttRsA2EPo0ge,XxO596FwYaCHkJLlMoX,73823231,96415850404,13,876B,O
3,2019,3,20230413,6DkI5w0OM3vMhGqe5oY,P4wA2XS3WIu8OAcqZSN,33557468,93023422762,32,0099Ä,O
4,2022,3,20231005,ebqCfrgCkUT01RkPDSz,WQ39N8O9QwXiNZCO9dp,22593995,51341393705,31,34k,O
4,2023,3,20220310,jz56f5FnLVwmSn6KLG4,LmyzhuKJqo0SrVCKyHW,42586480,32956875102,42,7326Ä,O
4,2023,3,20220909,D9ZPkiYRd6TwBwBLErx,56uS7De5GMdubLnJ6cV,10134762,95114162887,11,0099Ä,O
2,2023,3,20221001,ShtmI5x5mdkJgfi6ysp,TLgFHD8rD7ci8mNnFJl,93658382,11576161235,20,876B,O
1,2022,3,20230422,xqP6KueghLUyheGv2Q8,Diccn0cK4pjp53C1wjf,50344746,29675882553,82,1234A,O
1,2022,3,20220802,PMTArVIbsE3ZtogfgFm,MmAsnKWjHQ5ugFtWEI4,25200689,60191695309,38,88x,273
4,2023,3,20230407,dtbmuAxllz7WRFHqYqL,SFWzUViufv8IZDPHijC,09288515,95927545067,73,0099Ä,O
1,2023,3,20230124,6o9AVLJ6cptsZxI6fbc,GoIJlsJDb7iSYMt4RKB,70751353,52418640864,13,876B,O
4,2020,3,20190909,K9WpV5LHvnl3KuBcMDG,lxxLKFmRxytpktO0C3F,50336192,46617895969,39,876B,583
3,2020,3,20221016,En2grFemKZ0uLoG8sz5,ys1swh7cO3cTT2uEMSi,51616935,57372586500,36,88x,O
1,2021,3,20220902,wIjwJekgeFs6XPeNtAI,2FI1ZLAe7Okr0GStOoZ,12858378,99457052760,85,7326Ä,O
4,2020,3,20230501,dTQHWndhgoosu88E5Rm,nseHYyblcV71iZKY7Ii,99231639,65229080833,29,1234A,O
1,2022,3,20230227,rR8uovoWLJ4C9U6zcIy,YAXDctqX9PGrwE3Rze3,23235780,63731071547,74,25z,O
4,2023,3,20220306,r8VGZ2DmFncRN4fX3FW,lG7Ln83wDwov8blJys5,48644198,07756431216,85,34k,O
1,2021,3,20210203,HjA3RY3ruPNnXzslSkt,Lu8pfdSjZMpAMFxbg4u,39862150,09757457796,73,25z,O
4,2022,3,20210512,RhWusS9Gh6O6MxlHOIz,XFVMIZcgDSFywxDLqUy,10456949,97781340515,53,0099Ä,414
1,2022,3,20230124,2eX670AgtWtfq8lflvF,RJXiZWWYjSMeGU8xXwo,24255506,76313032873,53,25z,O
2,2022,3,20230403,s78CuVt4STTA2A9wuq0,KuMEhZF9VwZ3xIbGwXu,09416641,19472142352,54,1234A,O
2,2023,3,20221121,yHp3VSeUzWt0pFearSn,lgpgIADb0MSHIezQt2N,99186672,81596172513,37,0099Ä,O
2,2022,3,20220522,7UAUfRToZDD3DRp0NaV,JBquw15PkYxUJkdu2Km,22560944,47855056595,40,1234A,O
1,2023,3,20220517,VRz9OKhqZkknRoSFJTM,qNeyjd08N4Qqs5wf5fW,20326883,18004292645,82,7326Ä,230
1,2019,3,20221207,J0ny80eaCwIEevnt6Zh,inTEqwC5tlDhoBihN4i,47075293,22014680780,74,876B,O
2,2023,3,20230501,CNQJwirPTApRiok9ouR,d9Mk6b8E2DusfLvBxHW,12225014,43149196323,26,1234A,O
4,2023,3,20230227,ZB2Sz5zMBlKyJwPmblR,yOlQQJXp31b7SZ2pXsL,97807631,78023856601,14,0099Ä,O
4,2021,3,20200524,obHEUZJ6ABBlMLKxsLH,FvFk8NpHuk2Am29R18u,48240369,02982697687,24,876B,O
3,2022,3,20220814,9r3256GDgEsIxifuLb5,BG6wUD6uCypMszN8CAE,04283048,70557478146,73,34k,O
3,2022,3,20220825,nhAUsw2VNUGzbuZ2Ix1,N58nXACgMgArwQQMxGU,78056400,89152868165,55,88x,468
2,2019,3,20221201,8nSm9tql3fCQB47FVMm,ZHgcwq1O1bWovDQdbyT,58261543,37200691985,63,25z,478
2,2023,3,20230424,WHoBpbLIaychYrRNjVZ,1LhrH0YPSmCVM7zJTPa,79377703,73320712711,48,876B,105
2,2021,3,20200412,8nCdg4QV6FfBIQUZwGd,hVEleKhAIYzoOtnRL1r,37781248,83424248174,27,34k,578
1,2022,3,20231006,QanY10tYNPOu09QpDcC,dHn67MuL26MRbahSRL6,33824124,50935765132,35,34k,O
2,2022,3,20231006,13BI56bUP3GT9sHkFGw,x0Bs3IHFvzRO8mhdKHT,79321429,67903468291,13,88x,O
2,2023,3,20230419,tD6PnWskQSoNCtbqU54,ETKFvX8oK9GZTZypF3O,83810942,68953566674,64,876B,O
1,2022,3,20220907,ujWxfJg30MagZ6nV6fi,qP6ISBaefWsoz2CZzmU,69022529,74431978799,16,34k,O
3,2021,3,20231028,4Z0Ty85gx0AKqRJQ51u,v9XKo3WQrNlzSM0jSNj,19702096,69010040125,63,0099Ä,O
3,2021,3,20230426,J2HVw0gQCcoJ8QPVfQB,0cu83UuqWjrzmJA9oSH,52747693,24909409419,16,7326Ä,O
2,2021,3,20230920,0GS9h3wgHkzaCiTfXnW,GyLXG06QQXQxaljk5qg,58284170,27907832482,41,88x,O
4,2022,3,20210407,gDTO0pfRnC2eVzDlfPh,p7YWEhCMLhh5KAPCi9J,25457275,96094154044,12,1234A,O
1,2022,3,20231125,P4fsOSNkZLY8Tl71kX2,Y8X57FfNHtHyhElDY1Z,99119960,02394484422,47,7326Ä,951
4,2022,3,20230214,hO6OhxKwaGDg41pW923,9dsyfhNfXoZy2AA1MFH,25222808,01910261641,43,876B,999
2,2022,3,20230920,PfEudrCHYuK0TMCX6PR,QiLr2UtmmGN7C8L5rYA,83889852,72630652834,27,88x,O
2,2022,3,20221121,b7k1XzvFaOU1d1Csckr,3wf33K6cV2cbvTpME3U,18994057,87879787053,42,7326Ä,O
2,2021,3,20210512,wIjwJekgeFs6XPeNtAI,2FI1ZLAe7Okr0GStOoZ,12858378,07489256454,19,25z,O
3,2022,3,20210420,r4K25wioIPKCnvJKwIz,sWx55kzZ2XImaVAHbH3,66951693,36016895078,72,88x,478
3,2023,3,20220212,xZLOKFq4Af2IVGNVFpJ,Vbor60KjE1ZU9roiJbK,54042365,75695952456,24,34k,457
4,2022,3,20200418,lQx9XypEdr1rAoxCCzr,PRnu9L95sSjmeQoqEXT,89508487,08149622256,21,7326Ä,O
1,2022,3,20220825,wBeBnQLk1k2iVM2xNUE,FqBJzDAkj6gjsWLzKmk,64281504,56320432415,45,34k,635
2,2021,3,20220907,4Z0Ty85gx0AKqRJQ51u,v9XKo3WQrNlzSM0jSNj,19702096,11116212250,43,0099Ä,O
3,2023,3,20230918,nLomUM3tFmC9iZy1wpa,3frgFzJULOnYtLCrRZI,16145044,23853447142,30,88x,O
3,2022,3,20220907,xXC285B5JKoxODAH7hJ,Dv1xtLmpUrMCQf1QkWs,76894594,22067000454,75,0099Ä,O
4,2022,3,20230918,k9LWHLDrQkGVSDygO5M,eZpeRYwfVYB77wzpXJP,46221717,56194642153,31,25z,O
3,2023,3,20230611,D9ZPkiYRd6TwBwBLErx,56uS7De5GMdubLnJ6cV,10134762,95114162887,38,34k,O
1,2023,3,20230813,nozaId3mWZR152m7nD2,2DRffZxhpkHIdqMzqLi,72808748,78934614211,43,25z,O
2,2021,3,20220306,Ikrt3uTxZ8hjViCNYTs,z157Q0SZcMN8m2EDegD,39505305,24369612070,29,34k,O
1,2021,3,20210512,Uh2RflLDRigICBzaT0I,tB5ld3AaNCKqP6LL3SK,27966961,49403550288,19,25z,445
1,2023,3,20230904,aqNkRfgzkLLNuxkCgDS,DhUenpBsIzsqOf5j2WD,86311751,21868805679,22,1234A,O
4,2023,3,20230124,Xgc12ZGhYN390C9X0hv,AIzKalmUr7cOoOEKIel,31370592,76288459889,42,0099Ä,O
4,2022,3,20200216,13BI56bUP3GT9sHkFGw,x0Bs3IHFvzRO8mhdKHT,79321429,67903468291,28,7326Ä,O
3,2021,3,20220306,IyKZEp4ouA0339hCgOE,wls1FMGbQAOjRPmWma0,21635172,81629283671,65,34k,O
2,2021,3,20221207,7JLK4w23MUx7suQzsTO,mS1dW2DLgwEv15Xhvzp,92597525,34133848120,47,25z,O
4,2022,3,20201018,pmwZs7vD9VHQI8adhFl,stdtobz4frGC8xeKjmo,09551697,02498953021,18,0099Ä,O
1,2021,3,20230923,bXoVOlm1Z3vUolyReLP,eBcUvEJIgx2ee3ZhhCM,70462596,34729607389,17,1234A,O
1,2021,3,20230323,lobpsygUbsnD8W088Tc,Xih6wDwl5U81YjIynBa,41162932,59481689683,42,1234A,734
1,2020,3,20220611,Z9fXxJufrJ8Fn9PvdYv,Hg0NI9qo4uXEgg41zWC,01994595,60726309153,26,1234A,124
1,2023,3,20230911,piHtZSvoQWWLs0oI00r,dmLBLudpvRzrVkAcUkN,41799509,24752700229,51,1234A,O
4,2023,3,20230402,OZpkfmxxAXVphgF48gN,MJINXzH8P2wB5kmKxWB,01900034,56605284315,36,0099Ä,748
1,2022,3,20220922,Ngdde9dDW2MFD6A8NWz,5CHjGDQMq7iSMlaccFe,55854722,79872393893,34,876B,O
4,2021,3,20190318,IyKZEp4ouA0339hCgOE,wls1FMGbQAOjRPmWma0,21635172,69292944853,37,1234A,O
4,2023,3,20190909,upzAKq9PBzQFg2Xb90y,TFNF4IjNuS80Yf4W9dN,66394686,64423996464,24,0099Ä,956
1,2023,3,20230918,V9Uaw0wAorPiQLOzicz,LFsDgx3GdGTlYU9d8GH,84872631,42419992638,41,88x,O
2,2021,3,20230727,RnAqPXbT7YanpTH3Gcs,2NCiXR4xgwJDeabFDJE,78651635,12058111906,44,25z,O
1,2019,3,20220825,eSyl1IiMu4fa7C1RhOd,CtmyCgoVSIRoZ1GINDL,64270137,97559017407,14,34k,945
3,2023,3,20231018,42xrq9ho6rQwo5TPxeU,hXDU7mGNmhNohNogNqr,79336142,76647289117,62,7326Ä,O
1,2022,3,20220306,0H5Z9BRl4GO38tohF1r,RDY5Uibw54GrpEvwz4A,62973564,39029381405,38,34k,345
3,2021,3,20230222,PCI7mEDBGBqhQv9WcEy,SrxELqDYNr90EDht3Xs,99311332,15133465301,81,7326Ä,740
2,2022,3,20230513,YPqzRCxLxKje7H7lzrO,pP12OS27TxvLNGg1BzG,42774421,58891484532,82,88x,460
4,2022,3,20200418,chkcStYnj43kGB6iz63,O3nSpAiqsBgjbKyAXYl,04382368,68839525326,71,34k,O
1,2022,3,20211021,wBeBnQLk1k2iVM2xNUE,FqBJzDAkj6gjsWLzKmk,64281504,56320432415,48,34k,O
2,2022,3,20200618,my08RB9bMiBUDZQhA7C,N1kelBIP8kgVYksfZmv,63084616,96292605181,45,7326Ä,O
4,2021,3,20220319,g9omRCJb5NdREM3IBG6,ACQ9nGUNGHoQ2UxXuz8,59231817,26420224532,62,25z,O
2,2023,3,20231020,LBj07REX2Ostd9URRkz,4VzFJxpsjqcsR2v4Rbu,84304713,77246409565,12,25z,O
1,2022,3,20221010,Nq2wqRTSaaylRQ47ahk,EFiRratCA75xhgriXqm,27381221,39278907322,14,7326Ä,942
4,2022,3,20210916,hqjvD8WCTCMVSQ0hiWc,bvJhQteO1VC3uMw0N2C,16715876,27268232942,26,25z,123
4,2023,3,20230327,9YZ4M2jGFB5HiceEl5S,tMriRQn32looAZRif32,96478120,51059766915,41,0099Ä,O
3,2022,3,20231026,nsbmhwI0QlpsLIWfKCJ,g29ATtPzNVh7Psd78BR,27400897,69205872342,52,34k,414
1,2021,3,20230523,6cgVvEntLssjnVttngi,o7mhvGaLeJhKE1ovWR0,40225735,48895911578,51,7326Ä,O
3,2021,3,20220917,0GS9h3wgHkzaCiTfXnW,GyLXG06QQXQxaljk5qg,58284170,27907832482,51,34k,O
3,2023,3,20220917,lYSobW0GyDM7Br23jes,J8n9MrHjQ4XyVBa1Z58,63355789,58687926742,38,34k,O
4,2023,3,20230202,e06qjS7gXHDHRVZZLKN,X87JMaGnQfOVxRFqXFq,01167396,15932534295,26,1234A,609
3,2020,3,20210619,CHMg9MmcjA0naWjQuWK,9t1wr9mEqnGcpy8vUTK,07832421,42339055476,21,34k,O
2,2019,3,20221010,oiYoL7iVBYhGQdBhvrp,SBp0ocJHAqyWpUfMqZp,80189574,94792015274,15,88x,531
4,2022,3,20230316,tklDxsb1m97TRaRW0mk,Ks2xBiEIrcZpmWnEsPB,83026076,72177968782,24,7326Ä,O
2,2019,3,20211021,W4kNO8zdSduCC44xhIp,6Y1RgPhDSq7JoS6Yz3w,63106414,24343116240,48,34k,O
3,2021,3,20221005,TueiHrquPVVrZBG82B0,Zubftq11wvJ9VDgdBXt,34477476,88616858916,38,0099Ä,O
1,2021,3,20190505,1b2RsGUz5CCrxVsMSiR,lBriZOBSsgoZyjGyP66,43792204,49944030847,24,876B,O
3,2021,3,20230813,LSBFWRgWeyTMFkHcg1O,hAqAEFGWbfTnU4fTtpf,88508383,53649991461,29,34k,O
3,2023,3,20210203,hdjjDii3xFu1fREhtwL,mwniYZYBpVaGQyvnGTe,26689648,38460515938,40,1234A,O
2,2020,3,20230124,jtH1vc3yQivaAPC3uAJ,PAQ2z7jk4jtT0sKowZt,29122619,06554878189,48,25z,O
4,2023,3,20220618,SAv7qwTFla8CyY8Mp94,5c80Z3N3usf8oSHpaaQ,26694573,02794853397,19,0099Ä,O
2,2022,3,20230319,qwvrumJc7cuAdFKes7I,IVwgpGoASJOYIWzINSj,14113802,74518498198,40,88x,384
1,2021,3,20230327,HjA3RY3ruPNnXzslSkt,Lu8pfdSjZMpAMFxbg4u,39862150,11915245921,73,1234A,O
1,2019,3,20230419,KxR17cAiYjOyturvWOo,n8DFx02RpcB6isdQ6lh,87909320,96415349806,71,25z,O
2,2022,3,20231019,V7fXW6TEdPGkzrmtqEJ,1jutUa1w8tZ4QIiwIpe,36384975,50875160656,63,25z,O
4,2022,3,20230307,V7fXW6TEdPGkzrmtqEJ,1jutUa1w8tZ4QIiwIpe,36384975,01143839408,43,34k,O
3,2023,3,20200328,XOuIYsR2Do0OGKRt1re,1LqWcQpaeIIjL3jgXdD,11213275,53464696365,47,876B,367
1,2022,3,20231001,OAnIQsnXL4UHKgzXgPu,b3nQeMsMysMM9SMO30h,07492616,53121816680,44,34k,O
4,2020,3,20231010,ckzfs2QN1RrLkM1ceZY,KwtpmcgUWoWP9E788Cp,35915578,15933370911,71,25z,O
3,2023,3,20230827,KpmBTLdCasYTq7ZfZvs,nyc0SjSo7e91iKaVZ5G,54884727,90119591163,12,0099Ä,740
1,2021,3,20220212,4Z0Ty85gx0AKqRJQ51u,v9XKo3WQrNlzSM0jSNj,19702096,11116212250,64,88x,O
2,2023,3,20210608,PiTdaJym75x77BadRic,8TCk7s9Laa0m2FHDwxO,03183069,43887147560,21,34k,578
1,2021,3,20230408,DI5f8UyqIlOo6r61OO0,IUlzh9zxIFO9kFb0BlG,78036678,09701881075,53,876B,460
4,2022,3,20231116,9UpfzgMfkv7FvMMInm9,hEJBIkT9E7UsnWFaHZu,70237536,43409616392,17,88x,O
2,2022,3,20230303,NuUXXbAi9yTs03f9LIT,mOqtdYbjNgkACkDG3n8,89570848,67205590092,61,88x,O
2,2023,3,20230911,e06qjS7gXHDHRVZZLKN,X87JMaGnQfOVxRFqXFq,01167396,15932534295,81,0099Ä,O
2,2021,3,20220509,izOFw0MY944tSDL7nt9,NXsPX8mwbYpiKrIgA7X,44873827,98886821601,53,876B,306
2,2022,3,20211008,mgvUnh1FBR46Lh6bdbZ,BHg9lPkQfjE4yQfEsqW,19470658,17030111484,52,88x,469
1,2023,3,20231010,LbRHQvOs392P20yHErX,KwuhNxH2YsPI1Uyhaw0,17017052,48380826527,53,7326Ä,O
3,2023,3,20220909,ZoLTksAthbQcnhDnFO4,IYy2B12giTtotSfWFft,86775351,58248673291,62,25z,O
1,2023,3,20221214,14DEppGRmiaSpqP63h2,o3xX4lnaFhZpHdxGEph,94161298,63399798006,54,88x,O
1,2022,3,20220212,y4PiticgF50gf0GKO6N,v4a7tbOMFyLcWopK7Eb,00221907,78854428119,71,1234A,105
2,2019,3,20210318,tHmG5bh6cHz40QR9bD8,pkzZVDI54jNBK0z5vmx,49796700,82133674871,17,1234A,O
3,2023,3,20221010,bHcI4XSII1NYFuU57xN,pQF1fmFfkdjCaXyX6Sw,89243711,39932302531,75,25z,478
2,2023,3,20231015,SAv7qwTFla8CyY8Mp94,5c80Z3N3usf8oSHpaaQ,26694573,02794853397,18,876B,O
2,2020,3,20221201,fbBTLtwZ5ViEUEaGO8L,yceV3WqWvFBoHMValmH,15033103,64809327801,13,88x,O
2,2023,3,20220212,48u4N069P7uOg9mfVqf,JwNNQkRmLjAP7H1B2nt,95722521,04711015754,30,34k,614
3,2023,3,20230202,kDNMun0r2aeDktEM796,EuWn0p4LbtJyURkgXNo,92432081,45314017460,35,876B,O
1,2021,3,20210208,pr5IdJrXpoIVGhbsiiz,Lvwc5UgBUJLy06OHfGo,85607382,65347089599,55,34k,O
3,2022,3,20231213,xTef1Dsxuhxtf56eNMM,rzWgpGxGs7PKqY3khd1,47048414,85463884103,11,1234A,O
2,2019,3,20221121,eSyl1IiMu4fa7C1RhOd,CtmyCgoVSIRoZ1GINDL,64270137,97559017407,14,7326Ä,O
3,2021,3,20231004,uQ16XckJ7v1WJqcnz3G,Sppv214Q0U0QOT1aVzr,35089713,21721144564,33,25z,O
3,2023,3,20220425,XQfHuGyrp6ip5H68VS6,2gANpoLn2PgurEFHAvy,57237631,07896254744,42,7326Ä,O
4,2022,3,20221027,9UpfzgMfkv7FvMMInm9,hEJBIkT9E7UsnWFaHZu,70237536,71461407071,42,0099Ä,396
3,2022,3,20230805,ZNoOjzxmWyMiDZeWts5,CIoWcGfYsijcmvcXjrc,88997304,72828816251,72,0099Ä,O
3,2022,3,20231116,PcbHnHyLCyGtJOLi4UD,TDjVX5QRAm03dLBQq4X,89502789,72358719012,65,1234A,O
1,2021,3,20231026,txef1VwuO39Eg3O45FI,lBeGvvSh1vx9b3cEiHk,66629117,59500302695,85,7326Ä,O
3,2021,3,20210327,LDT9bWPGlWfGFwYyOLY,Tt6jshtFn2xJVLaWHrI,09271204,56568627070,72,1234A,519
2,2023,3,20230604,D9ZPkiYRd6TwBwBLErx,56uS7De5GMdubLnJ6cV,10134762,32872756038,43,7326Ä,O
3,2021,3,20230912,L9GnEqOoyEuT6CgqFHQ,TkcZaTseRZHdY3J8sSz,57969557,26632357115,65,7326Ä,O
3,2022,3,20221227,VlWulkdpDfb96HHcLnw,r74OqyMhkRTer5kec6Y,38282142,71635306105,61,0099Ä,609
1,2023,3,20221027,SyxD9itGJc2LavoCUEt,AHAZ0fSGgCDExe4XyX9,07458822,21389796698,72,7326Ä,O
1,2021,3,20221019,XFHSfT7kzxgISlGpyL3,bvqWgQvS60sNYNwG1Fj,18255176,00998755907,48,1234A,O
1,2021,3,20230920,2GxXWYaLet0slwRwSj6,1dAk9ljhKJHyqUSdNtb,59916396,47585068143,23,1234A,O
3,2021,3,20211203,obHEUZJ6ABBlMLKxsLH,FvFk8NpHuk2Am29R18u,48240369,02982697687,17,876B,O
3,2021,3,20210327,ajnuLqeVUGNTRUujxv0,lqKtNE93UTON9l6CZ0T,20810407,66840496668,29,34k,O
2,2022,3,20230422,wCWnpZnNlxAyfBcLdGb,lfIjuYQKRhmNGR973DI,08006559,89762191939,32,25z,O
3,2019,3,20230923,wCwFToQ7wdqNnD3BemI,pwzfrmqqdZda1TAsMtf,10764944,39419686820,85,25z,414
2,2023,3,20230424,e06qjS7gXHDHRVZZLKN,X87JMaGnQfOVxRFqXFq,01167396,15932534295,36,0099Ä,O
2,2021,3,20230528,pUBXs06shQWClI4a2sA,voGV19a0BbabQZI28Yw,82488416,09980243212,85,25z,O
2,2023,3,20200306,r8VGZ2DmFncRN4fX3FW,lG7Ln83wDwov8blJys5,48644198,07756431216,35,25z,240
3,2021,3,20221227,pjVRZxKLZEX18tubhBU,LR2IcBdFm3zeWltqWGP,42101828,77596572805,53,876B,O
1,2022,3,20221214,PUaWEvBo6pzswmq0NGf,BYVltYQxYlQXRzxnOoO,41189368,02742876886,46,1234A,O
3,2021,3,20230919,J2HVw0gQCcoJ8QPVfQB,0cu83UuqWjrzmJA9oSH,52747693,24909409419,82,25z,O
2,2022,3,20231018,M7IFuVZHwbpywH7kNpm,ulptr57TSpZFTE6XHLa,24651139,88210328598,31,25z,O
2,2023,3,20221109,2LYs2ZLh7WtQM2EPv2c,blbeqmc0HKirsRijv5X,05315437,03105413629,85,1234A,156
2,2021,3,20210814,gbpqXq3L5hxvzOKEJRB,ciWOOyVtKXCZeSbBY61,71999430,81644087635,26,876B,O
3,2023,3,20200306,Uq9IyDC1lmdPaaM2Mlm,QMPKWwnx9tuQLKaJvMg,53621992,35524740934,73,88x,O
3,2021,3,20221220,IDbAv2xw4mewstUhPPV,weJY51qZERcavJEywq5,24098920,81392210081,52,876B,697
4,2023,3,20210308,4BWnAGO1AmNcfpce3V3,NVwb8PXelbfYvIfxmIZ,87871698,59664788316,71,34k,O
2,2023,3,20220522,gyXGHbkvklbdvpaU2iZ,Mz7pWwLnfQHvSGelDw5,16337131,35231610432,75,876B,O
4,2021,3,20230428,izOFw0MY944tSDL7nt9,NXsPX8mwbYpiKrIgA7X,44873827,31991405640,41,34k,O
4,2023,3,20230923,LbRHQvOs392P20yHErX,KwuhNxH2YsPI1Uyhaw0,17017052,48380826527,15,88x,O
3,2021,3,20231012,lobpsygUbsnD8W088Tc,Xih6wDwl5U81YjIynBa,41162932,59481689683,20,7326Ä,204
2,2021,3,20230426,2GxXWYaLet0slwRwSj6,1dAk9ljhKJHyqUSdNtb,59916396,01907475914,25,34k,O
2,2022,3,20230622,Md7y7ZyTOMytu5rHvwn,r3YPiIDfU9NfTFKxYBk,45584536,28111989074,26,1234A,O
3,2023,3,20190318,0zL6RkcBjDzebPjldxh,2VKkwthFx0r6T8My9Ix,12108769,13211515239,75,876B,O
3,2022,3,20220927,8eyK8jTwUzF1HrapJWH,JSZcHsuwiuzqZb7xaTh,46843439,86939994364,38,34k,424
1,2022,3,20211203,xXC285B5JKoxODAH7hJ,Dv1xtLmpUrMCQf1QkWs,76894594,95845421588,81,0099Ä,O
2,2022,3,20230622,h1PqLldkG5Xp5wtwVyH,DTIvhnj7L0wTZShiuyh,31275481,91458988907,81,0099Ä,O
4,2021,3,20231113,QDL0vX6C2ZnrUTqRwL6,a1k4WeS8WK71hJSH82z,74545349,03634813133,52,88x,O
3,2023,3,20211002,xkUaKT3eCGDp185b8ls,kiDKiUEekLnbykzwPrZ,56552611,48658320534,74,34k,O
3,2022,3,20201020,CNTR94ram22QlXh6yIR,31DwqIGFFO7jiQKILog,32450288,64900125394,21,0099Ä,O
4,2020,3,20191003,ckzfs2QN1RrLkM1ceZY,KwtpmcgUWoWP9E788Cp,35915578,15933370911,12,0099Ä,O
4,2022,3,20220419,nsbmhwI0QlpsLIWfKCJ,g29ATtPzNVh7Psd78BR,27400897,84317676954,62,876B,O
3,2022,3,20231204,Md7y7ZyTOMytu5rHvwn,r3YPiIDfU9NfTFKxYBk,45584536,64629510642,16,876B,O
3,2023,3,20200401,OXSS0TSlDV9a5rGpdP4,UhDEGMHmJZ0nx2dyOIA,95889612,55330325676,13,88x,404
1,2022,3,20210311,z6zrzyaGWV7YTVBb7gi,fnulmUxFhM5DxzpR4F1,43769304,89826318940,42,88x,O
4,2021,3,20220418,206WmMtrv7jCb2cFX95,wf2ZscUg5MmQbtByQdV,06036624,33273043457,52,34k,O
4,2021,3,20210426,JXkRsgXyeOLR8KVkobJ,QMvW7IsWts9RFb0tuI7,44349151,58873811428,71,0099Ä,O
3,2023,3,20221005,ZoLTksAthbQcnhDnFO4,IYy2B12giTtotSfWFft,86775351,07988641033,27,25z,O
1,2019,3,20230927,ceBTxS6J5QA8ktP5gJx,uE73V6kE7jeywD9U7Ds,84873170,79275707881,13,0099Ä,306
4,2023,3,20231216,WHoBpbLIaychYrRNjVZ,1LhrH0YPSmCVM7zJTPa,79377703,73320712711,42,1234A,O
2,2023,3,20210916,gyXGHbkvklbdvpaU2iZ,Mz7pWwLnfQHvSGelDw5,16337131,35231610432,37,25z,O
1,2021,3,20231006,IyKZEp4ouA0339hCgOE,wls1FMGbQAOjRPmWma0,21635172,69292944853,53,7326Ä,O
1,2022,3,20230408,cYEkPJqBmXdxWHYUFX0,qtgIEcZvjQcli1ZtA8A,52700288,88425639164,41,25z,238
2,2023,3,20211221,D7dFN00cYamBcmPz1Yw,DYHo5o0u1a6Z0WUhps5,50463414,64873203862,23,876B,O
2,2021,3,20211121,6I34K6TSYb3Ter4y2Hv,M6Urx2L0AfDpd0WmHHU,85613861,69897512722,73,88x,O
2,2022,3,20201112,Ngdde9dDW2MFD6A8NWz,5CHjGDQMq7iSMlaccFe,55854722,79872393893,18,88x,O
2,2021,3,20200807,bb7uHDh2EUQRGlmKjcT,9er4DP7bY5KwnCFJpfp,74301880,42979284591,30,34k,O
3,2020,3,20211121,jtH1vc3yQivaAPC3uAJ,PAQ2z7jk4jtT0sKowZt,29122619,06554878189,61,1234A,O
3,2023,3,20231216,pzAP9LJjosEFTBzDvEI,Ex8LnzBWOEQLi1QRXrd,54871635,71317972584,39,7326Ä,O
2,2022,3,20220909,B4K33Jk7KAbArf9TX89,NbSCoqunj432EkONwkF,46675376,27018499515,33,25z,O
1,2022,3,20221023,U426LAFmju4Zg1mqnJ8,jGkzwuL9GHL2XiQuuUu,53445405,10708798891,36,88x,460
3,2022,3,20220206,k9LWHLDrQkGVSDygO5M,eZpeRYwfVYB77wzpXJP,46221717,50281012585,17,34k,O
4,2023,3,20200807,6o9AVLJ6cptsZxI6fbc,GoIJlsJDb7iSYMt4RKB,70751353,54258006559,17,876B,637
4,2023,3,20201218,A7TfD8SePI0XERsxj6O,O8tbwY40BeExNe01P0n,10015945,53149801098,15,876B,O
4,2023,3,20230923,xAGKVXWX9sF6Ft7SoWb,wud2G9J9YGhABcRNUIW,06625778,77523182045,44,34k,272
4,2020,3,20221227,fbBTLtwZ5ViEUEaGO8L,yceV3WqWvFBoHMValmH,15033103,59528631905,16,7326Ä,O
3,2023,3,20220315,4BWnAGO1AmNcfpce3V3,NVwb8PXelbfYvIfxmIZ,87871698,59664788316,15,88x,O
4,2020,3,20230208,6QCiIaCYyHoLacFw3Kw,BhzUScZaSorfNJVyJNR,60545494,57065948289,19,7326Ä,947
1,2023,3,20211008,XRGP2kn9aVFryi5Ftz9,1ptIXFxpC67ZaAF88rk,50754329,53844716539,19,88x,O
1,2023,3,20231108,nLomUM3tFmC9iZy1wpa,3frgFzJULOnYtLCrRZI,16145044,23853447142,17,1234A,697
3,2022,3,20200428,45D046DUttNcAkNY5s9,wlVGKczkrP3vd3rgorY,35695919,57638499204,13,0099Ä,123
2,2023,3,20220411,Im4ECUKq4l3NreGSbnK,ba1vgeRSE9IIu8qT0jv,30239933,63869899768,11,7326Ä,399
1,2021,3,20231021,9aOFuzkFdB7tL0D2kzQ,bxo5xyindgBZEregwZM,71583592,68308661655,44,0099Ä,O
4,2022,3,20230423,9MZ3RhUKBvD8DzRpt5Z,EfGvFEMEvfLFh2rzgQe,51095556,69951691058,40,88x,O
2,2022,3,20230513,q0PZNVcIG2DJQzDOAfX,vwIIsq7eCcM8FYPpzhB,07740500,98295133263,38,1234A,O
3,2022,3,20220725,07jNdx3Slds1zwnbmwP,BCBk4DAN0pyJcDr71qe,76148764,68400139420,81,88x,O
4,2021,3,20210907,ZiX1rUFujoQ3z53d4pe,AvqEeSRQY9zrX2vOwHb,43323700,14171705624,54,0099Ä,O
1,2022,3,20230924,P4fsOSNkZLY8Tl71kX2,Y8X57FfNHtHyhElDY1Z,99119960,02394484422,64,1234A,O
1,2023,3,20230604,UIcIOzDYxNOxeQoJSXP,eVUBQjRCz41WLauwq1e,58616615,57330516819,32,7326Ä,156
3,2023,3,20230811,CHinOcwkzXYaI9zzsRe,Sge6gIpJYBSVlrMFKJ1,69431799,32200751261,32,876B,O
4,2019,3,20230505,n2uk2UKYE8JButsGV2m,Y9SaBedyxkXTNfPagWm,90523084,65372731817,34,88x,O
2,2022,3,20200412,6pnrGTtjptx2qq6yeDd,x2lN2het6kJ3ogX9CaH,88830220,10860993310,82,88x,460
2,2023,3,20210916,Uq9IyDC1lmdPaaM2Mlm,QMPKWwnx9tuQLKaJvMg,53621992,35524740934,72,7326Ä,384
1,2021,3,20220411,ajnuLqeVUGNTRUujxv0,lqKtNE93UTON9l6CZ0T,20810407,95440141286,53,88x,O
2,2021,3,20190409,bKxRPyT3kdIaIV952aG,AcBpVJfWUpTM8QPtSvB,66670288,62023546059,22,876B,O
4,2021,3,20231021,PdFB1C7HrllUd6eTFTQ,OBo14qQwiJyrk3Yrvwp,71292374,64185537288,13,88x,O
4,2023,3,20220520,ZB2Sz5zMBlKyJwPmblR,yOlQQJXp31b7SZ2pXsL,97807631,89815119016,24,25z,O
3,2023,3,20210916,ZB2Sz5zMBlKyJwPmblR,yOlQQJXp31b7SZ2pXsL,97807631,62072668632,22,34k,491
4,2022,3,20200122,d5LdMAyfWyy1HaqkK2v,UVeah3MYLMBnfHEHMP0,68027462,59962796673,41,1234A,469
1,2020,3,20220807,dTQHWndhgoosu88E5Rm,nseHYyblcV71iZKY7Ii,99231639,65229080833,44,34k,O
1,2021,3,20190409,PCI7mEDBGBqhQv9WcEy,SrxELqDYNr90EDht3Xs,99311332,15133465301,18,34k,O
1,2023,3,20211121,67i48PlukjQ7bmmONnz,5Y6foDIROZM7z0TS1je,80770938,00101512705,48,34k,O
3,2021,3,20230523,4Z0Ty85gx0AKqRJQ51u,v9XKo3WQrNlzSM0jSNj,19702096,69010040125,30,1234A,863
4,2023,3,20221211,Xgc12ZGhYN390C9X0hv,AIzKalmUr7cOoOEKIel,31370592,14302268606,41,88x,O
3,2019,3,20191107,XNaesordWZzmedk1p6u,9YQGZas69zu2KNhkgBu,23989640,26229571841,27,7326Ä,567
3,2022,3,20230124,fo18ESH5hIqZbFmGefY,8wq5X0G4NA4SF91hTlP,42889478,55158359414,15,7326Ä,O
3,2021,3,20221106,HkZrWs0StKe2ZqjjSOn,rnTUvhAKUCYpnenehGW,35698146,08121499796,64,0099Ä,O
4,2021,3,20230222,BEg5EhXostp9B7WQaBT,I3mrdcGBBOk2sS3Ev7h,28530626,54698581846,22,1234A,O
3,2022,3,20220419,9r3256GDgEsIxifuLb5,BG6wUD6uCypMszN8CAE,04283048,70557478146,62,1234A,459
4,2019,3,20200807,XNaesordWZzmedk1p6u,9YQGZas69zu2KNhkgBu,23989640,46625030357,23,1234A,O
3,2022,3,20211021,9r3256GDgEsIxifuLb5,BG6wUD6uCypMszN8CAE,04283048,91311709893,63,0099Ä,123
2,2022,3,20220409,7Zqux2MbvM2rIe80JQ2,4kVDzTxUqtuJAR1uUI8,03611576,28247516228,22,876B,O
4,2021,3,20210203,Uh2RflLDRigICBzaT0I,tB5ld3AaNCKqP6LL3SK,27966961,49403550288,37,34k,O
2,2021,3,20210426,2GxXWYaLet0slwRwSj6,1dAk9ljhKJHyqUSdNtb,59916396,01907475914,21,25z,O
3,2020,3,20231204,qrfgkLXmkYn9Ob9fMLt,iZIzMBoDhX6Iz7c2W7x,85553041,33774495601,12,25z,855
3,2023,3,20220611,NsypVqRFlu1rPi1EQsW,N2izDsKvq9bWkXKXENP,24475908,76948447107,43,876B,O
3,2019,3,20231125,e6zZXBpwXZ7JwEQaliz,UxCokFU6JsnG1SDYtMQ,78270891,83751599789,71,7326Ä,O
4,2019,3,20220907,P673cSFi0rER6kZ4fjD,uVHmtx84uNVBUkZpdgS,67782845,15655236799,63,25z,297
4,2023,3,20230727,KBswdfOkfLKaOiwFvVc,T2XhSLLuT09cnq6W5f3,16741157,31815790001,40,0099Ä,O
3,2023,3,20210305,3Ruax6aKSAVVng89YXi,ACXLZyC9p8HxtiskLAY,61844993,46520190980,11,88x,O
4,2019,3,20220425,d1lMJetrw826A3uqMlV,cpVWtiytTe2dxSdz8SS,75591722,91929018574,62,7326Ä,O
3,2023,3,20210327,bcLSs3P6Zp1fHtuJaEe,4IfH3ECRBxi59Xd5Z29,99607355,74494040768,74,88x,795
3,2019,3,20230528,W4kNO8zdSduCC44xhIp,6Y1RgPhDSq7JoS6Yz3w,63106414,24343116240,14,876B,O
3,2021,3,20220518,fqkJMkT1dQZJvsIgUJa,N4GqKSg8X7neEdvHEix,53499615,03324199125,55,34k,O
4,2021,3,20211021,Uh2RflLDRigICBzaT0I,tB5ld3AaNCKqP6LL3SK,27966961,49403550288,45,88x,O
1,2021,3,20221109,ZTusLgAWWINCuKHdAqX,u67PTGDgRSfh1XRj0rL,22029168,70946810000,82,88x,O
4,2023,3,20231224,qYYjbP8yXN9cEHLgGS7,PuyBlfAVSVCZeQ9o10q,54103987,70742231016,23,1234A,O
4,2021,3,20220520,WN7Ni0QjnW26oA3VnaA,pE9wF4TBxFyONABmWFM,27202854,29714128278,54,34k,O
1,2023,3,20230319,ZoLTksAthbQcnhDnFO4,IYy2B12giTtotSfWFft,86775351,58248673291,39,0099Ä,O
2,2021,3,20230428,pjVRZxKLZEX18tubhBU,LR2IcBdFm3zeWltqWGP,42101828,77596572805,61,0099Ä,O
1,2022,3,20220922,chkcStYnj43kGB6iz63,O3nSpAiqsBgjbKyAXYl,04382368,68839525326,25,0099Ä,O
4,2019,3,20230615,e6zZXBpwXZ7JwEQaliz,UxCokFU6JsnG1SDYtMQ,78270891,83751599789,37,876B,O
1,2022,3,20230319,UXYcTzVtdN9piU792sf,uiSuhz0K15SLqHbhVu8,25228436,25350805350,83,88x,O
4,2021,3,20230811,bb7uHDh2EUQRGlmKjcT,9er4DP7bY5KwnCFJpfp,74301880,78513453751,73,88x,O
3,2021,3,20200719,JXkRsgXyeOLR8KVkobJ,QMvW7IsWts9RFb0tuI7,44349151,58873811428,75,7326Ä,O
2,2023,3,20221027,8tcEuYEsXz0dhHKyOjD,aOROBMjoDOug85GT8Rp,67436131,47492484410,27,25z,472
3,2021,3,20210916,g9omRCJb5NdREM3IBG6,ACQ9nGUNGHoQ2UxXuz8,59231817,15211042811,43,0099Ä,O
4,2023,3,20230805,ZoLTksAthbQcnhDnFO4,IYy2B12giTtotSfWFft,86775351,58248673291,29,7326Ä,O
1,2022,3,20220315,0jOgoeZGXWFJ31JRZ6H,rSbqqwmCCkW3LwHT6T6,89411322,76180061498,29,0099Ä,O
3,2021,3,20230327,0IIOAg6lAUkXf2otZiU,1lqT49CQH19gohXLgyX,47946544,30477124836,46,7326Ä,O
2,2023,3,20220422,vxc14GbhbL7xi8Rkmak,4aUy3smq2KoVurORhMA,67248377,30288102137,54,7326Ä,O
4,2022,3,20211014,07jNdx3Slds1zwnbmwP,BCBk4DAN0pyJcDr71qe,76148764,19651763282,65,0099Ä,O
1,2019,3,20230322,P673cSFi0rER6kZ4fjD,uVHmtx84uNVBUkZpdgS,67782845,82424117382,45,1234A,O
4,2023,3,20220310,WHoBpbLIaychYrRNjVZ,1LhrH0YPSmCVM7zJTPa,79377703,73320712711,17,876B,O
3,2021,3,20210608,yw0npIKcoZGoE53jt3I,nKv0CUMZKgs5beOiI7o,87458263,42638036813,32,25z,O
4,2022,3,20230415,l3C1PFjSTiAsMNJoqUy,CzIqb3qDM1vx6AMywnx,88138754,87292107004,33,876B,O
2,2020,3,20230615,96E4eF6LhtsMmMKSvTS,05m9zkcoqCGfx0uii9f,77794750,63009335249,33,25z,O
2,2021,3,20211121,EDlJlGg4B88qrqVbsjg,ApvkVnaIpl8cMvXPIEl,20898608,90121042618,51,0099Ä,200
2,2023,3,20220905,xAGKVXWX9sF6Ft7SoWb,wud2G9J9YGhABcRNUIW,06625778,77523182045,47,0099Ä,O
3,2022,3,20210318,3cvVEh2zRTHN6tBNbts,OkP7tD7mK6dEZPUpaqM,13279013,83616930060,18,25z,O
4,2022,3,20230905,9r3256GDgEsIxifuLb5,BG6wUD6uCypMszN8CAE,04283048,91311709893,11,7326Ä,O
2,2020,3,20221005,dTQHWndhgoosu88E5Rm,nseHYyblcV71iZKY7Ii,99231639,65229080833,27,7326Ä,O
2,2019,3,20220403,G6gvF8smtjB6rB7LEeH,gYDz4JYQohwAR0yMCy1,95601214,52298946113,46,876B,480
1,2022,3,20210421,4bCglFCjTtG6u7rePTk,Sombt01hspebPWZI2Um,26390705,45090708833,64,0099Ä,923
4,2021,3,20211221,izOFw0MY944tSDL7nt9,NXsPX8mwbYpiKrIgA7X,44873827,98886821601,33,1234A,O
2,2022,3,20230323,d5LdMAyfWyy1HaqkK2v,UVeah3MYLMBnfHEHMP0,68027462,20037108496,28,1234A,O
3,2022,3,20231028,V41kIfktrCUtZM8zYmV,JCHPp7otUVpQMAKWH5s,54460291,95463510040,65,34k,O
2,2023,3,20231204,bHcI4XSII1NYFuU57xN,pQF1fmFfkdjCaXyX6Sw,89243711,39932302531,65,0099Ä,O
1,2019,3,20200916,P673cSFi0rER6kZ4fjD,uVHmtx84uNVBUkZpdgS,67782845,82424117382,38,7326Ä,O
4,2022,3,20211105,SIoANt2S61l8m6HPX5D,SquGFmIbjI5WO5MguRa,49833310,94674561207,47,876B,O
1,2019,3,20221019,2pRQ4eo8UX4Zkvb27JW,wdKygksQquuRwW99p68,77789614,42003077793,25,88x,340
2,2023,3,20221220,nozaId3mWZR152m7nD2,2DRffZxhpkHIdqMzqLi,72808748,95467694602,21,876B,827
3,2021,3,20220517,pKTwGCOqjEc0ZpxzvUc,mPxiwQgmrLQUyVN8hkC,67913274,78168127523,54,88x,O
1,2021,3,20220909,Zerq8qYH66SeUIp11Le,FWwL6oFGUDvYEZdKNMR,09130495,70685889306,42,876B,O
3,2022,3,20200618,q0PZNVcIG2DJQzDOAfX,vwIIsq7eCcM8FYPpzhB,07740500,35907730048,13,88x,O
3,2022,3,20230307,sO0gwO8KSLZlbNbDAo5,r4hifRPO7OUoqdMFTI0,10609167,31598932876,84,34k,O
4,2022,3,20201021,tBamY8kBuyOE6ILYtSg,qXcZKNwZBEvXZSgEPb9,50984558,91277719699,30,88x,457
3,2023,3,20221015,dEUKC0wJcB1cU0eTAWZ,E1sueDOMcaGZY5qW5II,65049328,91967457684,32,25z,O
3,2022,3,20230207,zmLF70TfLF0utVC0qDo,tWwLYjhMdu6ExnRkUjA,36290315,22208894367,28,88x,O
1,2021,3,20220206,gbpqXq3L5hxvzOKEJRB,ciWOOyVtKXCZeSbBY61,71999430,81644087635,27,7326Ä,O
1,2022,3,20220409,lQx9XypEdr1rAoxCCzr,PRnu9L95sSjmeQoqEXT,89508487,08149622256,28,34k,O
4,2021,3,20230428,45V9Solwe4162sqI2EA,6iSeEqpcCDjcBX9lzYC,84399880,79876567885,41,0099Ä,O
4,2021,3,20190121,ocYcZRf4qqQamHpTxYG,X8QCRDeRUeO5hrTBgJX,18191292,66514361997,17,1234A,O
3,2023,3,20231005,eZPSb2TpbFjbDSEJn0v,Zbp92CqfopVHAbrrJN7,73771338,91181204143,46,0099Ä,O
2,2023,3,20230404,48u4N069P7uOg9mfVqf,JwNNQkRmLjAP7H1B2nt,95722521,04711015754,35,34k,O
1,2021,3,20210304,pjVRZxKLZEX18tubhBU,LR2IcBdFm3zeWltqWGP,42101828,70472373124,25,7326Ä,191
2,2021,3,20230408,xZ2aJ3GvSpLRMJCnLTS,QodZ9rFx7t88temtqgR,44066059,22970003045,65,7326Ä,O
4,2022,3,20230222,BFatrhuzCcqQkuO2Zjx,eXesNxqyE2MQNAXyAtn,07967144,17340762989,63,0099Ä,O
1,2022,3,20221015,z6zrzyaGWV7YTVBb7gi,fnulmUxFhM5DxzpR4F1,43769304,89826318940,42,7326Ä,O
4,2023,3,20230919,D9ZPkiYRd6TwBwBLErx,56uS7De5GMdubLnJ6cV,10134762,14017677642,18,34k,O
3,2020,3,20220428,fbBTLtwZ5ViEUEaGO8L,yceV3WqWvFBoHMValmH,15033103,17326393229,34,88x,O
2,2021,3,20200401,32yhIyvtNUA3WZYj5bE,iVTUZepu51lQYdWHZIl,49819812,14748986807,61,25z,O
3,2022,3,20210208,r4K25wioIPKCnvJKwIz,sWx55kzZ2XImaVAHbH3,66951693,36016895078,38,876B,O
2,2022,3,20210411,q0PZNVcIG2DJQzDOAfX,vwIIsq7eCcM8FYPpzhB,07740500,98295133263,62,876B,O
3,2022,3,20230523,h5GiMx9gO0Px36pjWyP,dn2PTdHHFiVOF1ALrxb,33805022,40683951937,22,88x,753
2,2023,3,20220902,LbRHQvOs392P20yHErX,KwuhNxH2YsPI1Uyhaw0,17017052,48380826527,46,1234A,O
4,2023,3,20220909,Ng8seYOY0Mde1oOxrsp,e5Xuv7kLdcVPurSnFfw,35930473,36742672440,51,34k,O
1,2023,3,20230207,HBXMeriAp3TSgScIM3k,OAffNcjPdUovjhoT2oX,89574809,04681818254,43,1234A,O
1,2022,3,20220428,CNTR94ram22QlXh6yIR,31DwqIGFFO7jiQKILog,32450288,64900125394,43,25z,O
1,2023,3,20220625,YCSgOCwQL8sy7vkq8Bs,phKFEPeFJaVWkcdr49t,29492771,09185442339,73,1234A,O
3,2021,3,20230916,bXoVOlm1Z3vUolyReLP,eBcUvEJIgx2ee3ZhhCM,70462596,34729607389,74,34k,297
1,2021,3,20231012,0GS9h3wgHkzaCiTfXnW,GyLXG06QQXQxaljk5qg,58284170,27907832482,81,88x,272
3,2022,3,20230413,HSMDNNjX5jPJDl3qo3o,nP6SH6DLYX9NNjKybok,58888998,19345439990,47,876B,O
3,2021,3,20210617,ZTusLgAWWINCuKHdAqX,u67PTGDgRSfh1XRj0rL,22029168,79528586826,48,0099Ä,O
1,2022,3,20230327,xqP6KueghLUyheGv2Q8,Diccn0cK4pjp53C1wjf,50344746,29675882553,51,876B,956
3,2022,3,20231118,Nq2wqRTSaaylRQ47ahk,EFiRratCA75xhgriXqm,27381221,39278907322,32,876B,923
2,2019,3,20200122,P673cSFi0rER6kZ4fjD,uVHmtx84uNVBUkZpdgS,67782845,82243077129,73,34k,O
2,2022,3,20220411,6pnrGTtjptx2qq6yeDd,x2lN2het6kJ3ogX9CaH,88830220,10860993310,82,1234A,O
4,2022,3,20221005,hZLz4mXPSUgH7tZ34lI,lfzAFz4F0Z2a398gkrc,79800503,76328938124,61,7326Ä,O
4,2020,3,20230823,9IsyJV61YVdpmSna8ee,kgvfP5nilmBKn0sZMIh,02882477,30349991560,16,34k,404
3,2021,3,20221121,1bCXWuIBi2DLSEKj9lJ,uF6LswsZlsB8WiYLN53,84609435,64272843334,61,0099Ä,O
1,2023,3,20220418,ahdRgcDAQteLoGfNMf4,lVbtIJ2zjdScuWjs7IP,86918883,58173169046,85,7326Ä,O
4,2023,3,20220927,3chcS0V6EdxJfst0IHO,qOxQiTKLHaOww5lAMNj,20943313,99372963323,42,0099Ä,O
4,2022,3,20231017,ebqCfrgCkUT01RkPDSz,WQ39N8O9QwXiNZCO9dp,22593995,51341393705,16,1234A,247
2,2023,3,20230709,aoPrcNdBgPogFS9LqlU,cbZO6wrz3aCkxy6UTZo,80923032,55619770739,37,0099Ä,O
1,2022,3,20230415,siMDI7R6nlybUYXtSsx,GdQUdd4pnHZovjv4qnm,28093849,20437694535,84,25z,O
3,2022,3,20211221,k9LWHLDrQkGVSDygO5M,eZpeRYwfVYB77wzpXJP,46221717,50281012585,35,876B,O
1,2020,3,20231015,etXwmsrC6gzHXfV9b23,aTPb9aTtgSNC2PorVsD,41975046,28198346071,22,34k,O
3,2023,3,20200807,dtbmuAxllz7WRFHqYqL,SFWzUViufv8IZDPHijC,09288515,95927545067,62,1234A,O
3,2022,3,20220225,ujWxfJg30MagZ6nV6fi,qP6ISBaefWsoz2CZzmU,69022529,02845364903,47,0099Ä,O
1,2021,3,20221023,izOFw0MY944tSDL7nt9,NXsPX8mwbYpiKrIgA7X,44873827,31991405640,36,88x,433
2,2023,3,20220315,JMzBFFMug7GTBS5oQ5j,ZBjGvOrIL5L3UBfrXmz,19354503,57951353915,71,25z,O
1,2021,3,20201015,7JLK4w23MUx7suQzsTO,mS1dW2DLgwEv15Xhvzp,92597525,48940787532,11,34k,O
4,2023,3,20230428,XOuIYsR2Do0OGKRt1re,1LqWcQpaeIIjL3jgXdD,11213275,53464696365,41,34k,O
4,2023,3,20190409,V9Uaw0wAorPiQLOzicz,LFsDgx3GdGTlYU9d8GH,84872631,23386844378,24,7326Ä,548
3,2021,3,20221010,MKg84HkgHDZMBcgml73,O7WZ8wji6RCyE1ml3jP,42413835,39122461968,73,88x,O
2,2022,3,20231216,2f5OOJeYrRcrGDTvzee,G2i4tjmETz7g7r9TWut,73571652,86605004802,74,0099Ä,O
1,2023,3,20230827,fpWk4QcS6eP2Z8e29Bh,srmI5NLSMCGfHnTzlfO,67750141,00370812809,40,25z,O
3,2022,3,20211105,2eX670AgtWtfq8lflvF,RJXiZWWYjSMeGU8xXwo,24255506,76313032873,85,876B,O
1,2021,3,20220814,ghPVI88FOVcH1ywp7uQ,8cPzaiLyohg3QMuDD4v,55023962,75136702617,39,876B,O
4,2023,3,20190909,2LYs2ZLh7WtQM2EPv2c,blbeqmc0HKirsRijv5X,05315437,03105413629,52,34k,O
1,2021,3,20220902,Dxhx6FFaG8b78LcMViY,E9HbF9RvkzubH8l26X0,90926916,28030040813,46,1234A,O
4,2022,3,20220825,ZNoOjzxmWyMiDZeWts5,CIoWcGfYsijcmvcXjrc,88997304,11241001911,55,88x,O
1,2022,3,20230911,Nh6r7ZMc1zWJryiiWMH,UBm1osJGxcAMA75cS2i,04708714,46938202930,16,1234A,399
3,2023,3,20221019,D9ZPkiYRd6TwBwBLErx,56uS7De5GMdubLnJ6cV,10134762,14017677642,82,876B,200
3,2019,3,20201218,BBfbcgcrOrhYpSyBHkT,RgHdM0zkmuObt5RG4cs,48850081,69556364332,42,25z,O
1,2023,3,20231224,KWym4lRriqFo0fDzElm,XWXvNqGAD99L3faXxSJ,66338695,82499544978,64,7326Ä,O
1,2020,3,20220527,etXwmsrC6gzHXfV9b23,aTPb9aTtgSNC2PorVsD,41975046,44739139915,81,34k,238
2,2021,3,20220409,Ru3hFV6HKmU4NNqczsx,2bLSotB7v2qJSS0mMGv,01951031,75999181473,85,7326Ä,942
3,2019,3,20201218,GUReY9amWD21mXm2lu7,Bvt0eOLruAiJ5hLP8nL,33689420,83176077742,20,0099Ä,O
1,2021,3,20211121,JXkRsgXyeOLR8KVkobJ,QMvW7IsWts9RFb0tuI7,44349151,53907221543,38,0099Ä,O
4,2023,3,20220428,OAnK1QSW722dlg6Y1AL,9s4U8FcB4hgTy1TzLgz,82494204,61174717953,75,0099Ä,389
4,2021,3,20230403,UW2tQ77r7AojOrSDazi,FIgRwBKzSIJlzWCSlYV,59913995,82012475206,62,1234A,884
2,2023,3,20230111,aIjjxT74PNcRfQxcn0Q,9P7tMFuabVwJ19bnFbh,46666251,91200439511,18,1234A,O
4,2020,3,20231118,fbBTLtwZ5ViEUEaGO8L,yceV3WqWvFBoHMValmH,15033103,59528631905,72,1234A,O
3,2022,3,20230927,vnlmW62o0m6JPsUEYmc,yfcAAcY9mOQykGVIwzW,57589830,59173203150,16,88x,O
3,2019,3,20210411,XNaesordWZzmedk1p6u,9YQGZas69zu2KNhkgBu,23989640,26229571841,25,0099Ä,635
3,2022,3,20231015,U426LAFmju4Zg1mqnJ8,jGkzwuL9GHL2XiQuuUu,53445405,10708798891,24,25z,583
2,2022,3,20220611,8b21AUoez5uhs0UDxEY,oVdiMezFWvTufAq1t8m,01389162,44797749936,85,0099Ä,433
3,2021,3,20230528,JXkRsgXyeOLR8KVkobJ,QMvW7IsWts9RFb0tuI7,44349151,53907221543,65,0099Ä,O
3,2021,3,20211014,EDlJlGg4B88qrqVbsjg,ApvkVnaIpl8cMvXPIEl,20898608,90121042618,27,0099Ä,445
1,2022,3,20230916,AiGPwZwAbG3xkqkw4DV,yTe3v9IaBei4wIJGH8U,02539999,49936494159,30,34k,O
1,2023,3,20211014,ExJ8cmbywu0hCfWCyuV,j1fUvte035cvtGBjg8k,82735886,09397062104,37,88x,962
3,2023,3,20231028,xkUaKT3eCGDp185b8ls,kiDKiUEekLnbykzwPrZ,56552611,48658320534,46,88x,O
2,2022,3,20220517,H2Hqwc87tBvgqhUYDTb,UsMxJqanXEA2oxqKnV3,43194397,63793481162,71,0099Ä,O
3,2022,3,20200916,nKkQOhoFm03WdR7R0Nk,SDk4w6d4rDSVzYrFLJj,83297677,27800950676,11,876B,O
4,2022,3,20220725,97iJbqQUI95ThCnyW8W,8OEdR3nluSRTcukDm1g,27560863,86982882017,53,34k,O
4,2022,3,20191015,tBamY8kBuyOE6ILYtSg,qXcZKNwZBEvXZSgEPb9,50984558,91277719699,62,34k,345
1,2021,3,20210907,ocYcZRf4qqQamHpTxYG,X8QCRDeRUeO5hrTBgJX,18191292,33296908960,23,25z,O
4,2022,3,20230410,sfFiYPNKOHHlh5qdGjR,pyAWXrUtDvhnIUhyR5z,88345449,16636854276,64,0099Ä,O
1,2023,3,20220825,HBXMeriAp3TSgScIM3k,OAffNcjPdUovjhoT2oX,89574809,80272521305,33,876B,424
3,2023,3,20230319,9YIKhSrFuRpbQcOJrBj,rlIlwcfLsGbd1pBC7lm,46798489,22750114677,14,876B,O
4,2019,3,20210305,eFQ2zZ1TI4SDBumYngb,4ylA1f8UdgfN2y0AXTl,27698754,68263466927,61,34k,O
1,2021,3,20230604,GXUjHLTiSz3l4Y6Z4kn,LIXJLiugy5lYG9EjZCS,08495426,10073693604,62,0099Ä,O
4,2022,3,20220802,KbUQrl9KgQtSqluFLIp,GJkzXLxrimVyR731ePU,72542279,16034125127,85,25z,609
2,2022,3,20230727,y4PiticgF50gf0GKO6N,v4a7tbOMFyLcWopK7Eb,00221907,92723951984,28,876B,200
1,2023,3,20220414,P0EsIj0OHAFduX2JNtL,50IbbKwV1n7wo1mYN7K,79295369,71403695901,37,1234A,O
3,2023,3,20231014,cl8Rqgfj4GBYQfxdMFR,j7IbaP0cf5WySFC7sGN,46774020,02189081585,30,1234A,O
1,2023,3,20221118,upzAKq9PBzQFg2Xb90y,TFNF4IjNuS80Yf4W9dN,66394686,64423996464,21,88x,O
3,2022,3,20210318,quDtXfQVuDCSAX166nf,alhTAXv39EOC3k8DqHi,21502623,95807548834,61,0099Ä,445
1,2021,3,20220807,uQ16XckJ7v1WJqcnz3G,Sppv214Q0U0QOT1aVzr,35089713,21721144564,85,88x,O
2,2020,3,20220917,ckzfs2QN1RrLkM1ceZY,KwtpmcgUWoWP9E788Cp,35915578,75640804229,44,34k,653
2,2022,3,20220203,7Zqux2MbvM2rIe80JQ2,4kVDzTxUqtuJAR1uUI8,03611576,03473319189,23,876B,O
4,2022,3,20201015,5b61wboGjbywiL65vT2,fY42bQzkiefiaWXURqx,55720329,44612612812,53,0099Ä,O
4,2021,3,20231021,g9omRCJb5NdREM3IBG6,ACQ9nGUNGHoQ2UxXuz8,59231817,26420224532,43,25z,949
2,2023,3,20210304,V9Uaw0wAorPiQLOzicz,LFsDgx3GdGTlYU9d8GH,84872631,42419992638,54,7326Ä,O
4,2021,3,20230912,8nCdg4QV6FfBIQUZwGd,hVEleKhAIYzoOtnRL1r,37781248,09999893517,47,7326Ä,O
2,2020,3,20210401,fbBTLtwZ5ViEUEaGO8L,yceV3WqWvFBoHMValmH,15033103,59528631905,13,1234A,273
2,2022,3,20220327,34p6qulsP0zV6Z6ll7L,mCGUmxCyhr2FGO1Vp48,13920402,06565663430,26,0099Ä,O
4,2021,3,20230615,Dxhx6FFaG8b78LcMViY,E9HbF9RvkzubH8l26X0,90926916,84036552195,51,7326Ä,O
3,2020,3,20231019,FfVPBWN89xl5ezuuLVe,Hc3l1cLY7SnDVvvL7PN,99271098,42782292198,82,1234A,365
4,2022,3,20210318,PpsFcQ8SlvyRFBIMJA1,O6MHWnCaOLnIVLvztcF,71905493,00831613834,51,25z,O
3,2022,3,20230316,07jNdx3Slds1zwnbmwP,BCBk4DAN0pyJcDr71qe,76148764,68400139420,85,7326Ä,O
4,2021,3,20231113,DI5f8UyqIlOo6r61OO0,IUlzh9zxIFO9kFb0BlG,78036678,83703777676,14,88x,O
3,2021,3,20220226,mjs0QbYsyUnQ3gnI2w1,vbxnCwxB8t18Xsfy1KZ,41304369,85927668573,27,25z,O
2,2022,3,20230426,331HOU9KfKgv9487Vbj,Q2uT40PvwlSd7ssfGYN,02177818,61830739737,26,7326Ä,O
2,2022,3,20230415,LBcatA0ghu1OdCNPbN5,FV5Ysg9jZum82o5crgO,32391615,26192258955,25,1234A,O
1,2021,3,20190121,s56YyMQhdIHzxGKXjH9,f3wab0dqqcVrIpyiXa6,78901824,33672488268,46,34k,O
3,2023,3,20220206,lzJYwb4lytolbMgnQKQ,8daya7si9D3242UZvXn,23315960,38693878097,20,876B,405
3,2023,3,20230523,6o9AVLJ6cptsZxI6fbc,GoIJlsJDb7iSYMt4RKB,70751353,54258006559,18,25z,855
1,2023,3,20230813,D9ZPkiYRd6TwBwBLErx,56uS7De5GMdubLnJ6cV,10134762,14017677642,46,1234A,O
1,2023,3,20231207,lCmYIp6q6eigLvBYIqq,lItB256nyOl59KscFdz,58146917,71303320964,14,25z,O
2,2020,3,20230227,ckzfs2QN1RrLkM1ceZY,KwtpmcgUWoWP9E788Cp,35915578,57595658095,27,0099Ä,O
4,2023,3,20221207,0VwMVC16bpOtlFQH9Au,ZTgrRCVyn7nyDQ2vcbJ,31216479,22475263496,44,25z,863
2,2022,3,20221106,chkcStYnj43kGB6iz63,O3nSpAiqsBgjbKyAXYl,04382368,20632133480,18,0099Ä,O
3,2023,3,20211203,CNQJwirPTApRiok9ouR,d9Mk6b8E2DusfLvBxHW,12225014,84313017373,62,7326Ä,O
2,2023,3,20221016,0KYQw6f6PkHenRkD0mh,VrsxrMGJ0N875lfjdox,65640553,77988766210,11,0099Ä,O
4,2023,3,20230307,arsKVJLMoE9cSXPq2DH,2AfQ4KY5VJCgwjcuZFw,37103060,15144122669,65,876B,O
3,2023,3,20231001,67i48PlukjQ7bmmONnz,5Y6foDIROZM7z0TS1je,80770938,00101512705,47,25z,424
3,2022,3,20221016,elqtExKPXwERsRZMxWq,XyPeLredxyyoShDUEEg,60179496,00954744754,25,7326Ä,O
2,2021,3,20221118,ajnuLqeVUGNTRUujxv0,lqKtNE93UTON9l6CZ0T,20810407,95440141286,19,88x,468
2,2023,3,20230124,V9Uaw0wAorPiQLOzicz,LFsDgx3GdGTlYU9d8GH,84872631,23386844378,28,25z,O
3,2021,3,20200807,Sx0Hkq9zOfSaW9kIuc0,FaQD1svEtAnZT7YpRsk,94662352,66134743925,31,34k,O
2,2019,3,20200418,OcFEalguf7wbkGP0U9w,lWdAn0uMgBby51LtXYa,89218174,57494396630,29,7326Ä,O
3,2022,3,20231008,Md7y7ZyTOMytu5rHvwn,r3YPiIDfU9NfTFKxYBk,45584536,64629510642,37,1234A,962
3,2023,3,20230410,d242ghd2sWrijWYbRED,C1EsEGjWui8rx6HkcB1,84332981,98330204071,51,0099Ä,427
3,2022,3,20220425,WrQCVRg4dqXToPmxGep,xmNDGOlVyWpcp8JdvaT,01741999,58104642286,61,0099Ä,O
2,2022,3,20200418,emKOowx9eQ7IiKcPUUA,tUIFDK4wz4IaSVXbhzO,84325925,66877478482,16,1234A,O
2,2022,3,20220520,H2Hqwc87tBvgqhUYDTb,UsMxJqanXEA2oxqKnV3,43194397,63793481162,38,34k,204
1,2021,3,20230312,NShh5O6MztXLDrJropv,9OWD5mdf04iiOuecoon,27158742,02009549444,13,0099Ä,O
1,2021,3,20220403,JXkRsgXyeOLR8KVkobJ,QMvW7IsWts9RFb0tuI7,44349151,53907221543,22,0099Ä,734
1,2022,3,20231224,r4K25wioIPKCnvJKwIz,sWx55kzZ2XImaVAHbH3,66951693,23423338536,81,88x,O
3,2022,3,20210619,nsbmhwI0QlpsLIWfKCJ,g29ATtPzNVh7Psd78BR,27400897,69205872342,44,7326Ä,O
3,2019,3,20191015,UzOkj0iwtIzI5xaW1gK,nT1eIXfIuiGUZhoQOIq,75857783,92674966011,63,1234A,427
3,2023,3,20210311,nLomUM3tFmC9iZy1wpa,3frgFzJULOnYtLCrRZI,16145044,49211561737,65,7326Ä,O
2,2021,3,20201021,UW2tQ77r7AojOrSDazi,FIgRwBKzSIJlzWCSlYV,59913995,82012475206,55,25z,O
4,2023,3,20220428,TihaNwq9yOTjJKhmfIT,A9AwKpSjEjSFsDBaOdT,92366869,47993828216,28,0099Ä,O
1,2019,3,20220803,OrpA1isnkcIQ7pTdD1u,i9y1qPyp7idHfolauFg,49980493,32343031838,38,0099Ä,O
1,2022,3,20220803,OAnIQsnXL4UHKgzXgPu,b3nQeMsMysMM9SMO30h,07492616,53121816680,85,7326Ä,O
2,2021,3,20210308,L9GnEqOoyEuT6CgqFHQ,TkcZaTseRZHdY3J8sSz,57969557,26632357115,63,34k,O
2,2022,3,20200524,34p6qulsP0zV6Z6ll7L,mCGUmxCyhr2FGO1Vp48,13920402,06565663430,47,88x,O
1,2022,3,20200916,my08RB9bMiBUDZQhA7C,N1kelBIP8kgVYksfZmv,63084616,96292605181,11,7326Ä,795
3,2021,3,20220909,2GxXWYaLet0slwRwSj6,1dAk9ljhKJHyqUSdNtb,59916396,81292825574,54,34k,O
2,2022,3,20201218,cYEkPJqBmXdxWHYUFX0,qtgIEcZvjQcli1ZtA8A,52700288,88425639164,27,34k,O
4,2019,3,20190505,wCwFToQ7wdqNnD3BemI,pwzfrmqqdZda1TAsMtf,10764944,98789216662,26,0099Ä,O
1,2023,3,20190409,BfUiTHSi8qFk71ALWPz,7pH1JN7giRRgPMmgnfs,29677729,53100582380,82,0099Ä,O
2,2022,3,20210907,d5LdMAyfWyy1HaqkK2v,UVeah3MYLMBnfHEHMP0,68027462,59962796673,36,7326Ä,O
1,2022,3,20230714,nhAUsw2VNUGzbuZ2Ix1,N58nXACgMgArwQQMxGU,78056400,89152868165,33,25z,433
1,2023,3,20211014,LBj07REX2Ostd9URRkz,4VzFJxpsjqcsR2v4Rbu,84304713,36526051508,36,7326Ä,O
4,2022,3,20230303,k9LWHLDrQkGVSDygO5M,eZpeRYwfVYB77wzpXJP,46221717,56194642153,71,88x,O
2,2020,3,20230216,hOpobwJFWKYa5DdXA8A,0CG9ap8rJiprue6CXQA,42546100,10001832995,11,1234A,472
3,2023,3,20221109,mDH0BMKpu4lLfwRbmTp,1IEX1GIvrM2pDUJOhka,91090722,54326250297,15,7326Ä,O
3,2022,3,20230727,H2Hqwc87tBvgqhUYDTb,UsMxJqanXEA2oxqKnV3,43194397,08820898966,52,34k,O
2,2023,3,20230424,gyXGHbkvklbdvpaU2iZ,Mz7pWwLnfQHvSGelDw5,16337131,35231610432,21,876B,O
4,2022,3,20211021,PpsFcQ8SlvyRFBIMJA1,O6MHWnCaOLnIVLvztcF,71905493,92724186463,28,876B,268
3,2022,3,20220310,Nh6r7ZMc1zWJryiiWMH,UBm1osJGxcAMA75cS2i,04708714,80108145688,52,1234A,O
3,2022,3,20230827,nhAUsw2VNUGzbuZ2Ix1,N58nXACgMgArwQQMxGU,78056400,93844764939,48,88x,427
1,2023,3,20220922,yXg18bzf12Nqkz8WmeL,xYntpyNoyXWXdZYukvg,01166128,37792834562,35,0099Ä,O
1,2022,3,20230927,0jOgoeZGXWFJ31JRZ6H,rSbqqwmCCkW3LwHT6T6,89411322,78067136422,24,25z,O
4,2022,3,20210617,ZNoOjzxmWyMiDZeWts5,CIoWcGfYsijcmvcXjrc,88997304,72828816251,36,1234A,O
1,2021,3,20210916,ajnuLqeVUGNTRUujxv0,lqKtNE93UTON9l6CZ0T,20810407,95440141286,34,34k,O
2,2023,3,20221023,6o9AVLJ6cptsZxI6fbc,GoIJlsJDb7iSYMt4RKB,70751353,52418640864,73,88x,O
2,2021,3,20210311,yw0npIKcoZGoE53jt3I,nKv0CUMZKgs5beOiI7o,87458263,42638036813,32,876B,O
2,2022,3,20210814,elqtExKPXwERsRZMxWq,XyPeLredxyyoShDUEEg,60179496,47769104709,46,25z,O
1,2023,3,20230627,ahdRgcDAQteLoGfNMf4,lVbtIJ2zjdScuWjs7IP,86918883,58173169046,65,34k,310
3,2022,3,20221220,exFgsNy80Hm8Y09V54a,LjFSd8do2HsHwAZZz1G,43699836,00751261707,84,876B,396
3,2022,3,20221214,VEcxcY585vXTBuo35GC,l9IOgbSTL9U6MxHSgDp,36183566,27919144527,16,7326Ä,567
4,2019,3,20231014,W4kNO8zdSduCC44xhIp,6Y1RgPhDSq7JoS6Yz3w,63106414,95538188374,37,7326Ä,O
3,2020,3,20210318,C8AG6orUdpzZYff2dPC,2B6FOvnGvHDQ8Z7LJIB,59373588,17778683752,30,88x,O
4,2021,3,20230327,ZrIdCdO4WjMQ9lH6Uq9,AFxXg2jdU8FDqar4ZVv,95761944,99582362091,30,876B,445
2,2021,3,20211014,Vld65OJ24HoCeuNQVlb,qrUvdsYTOhDE13kAFrg,83394115,46162871206,71,88x,O
3,2019,3,20220814,gYpoXmphH9yuVYjdL7X,p8zFI8u9YQK2XsahQuB,91531484,97943559623,71,7326Ä,O
2,2021,3,20221118,ZTusLgAWWINCuKHdAqX,u67PTGDgRSfh1XRj0rL,22029168,70946810000,14,88x,O
